<annotation>
	<folder></folder>
	<filename>India_000006_jpg.rf.2922ff4fc3923ff0224f73f85d96ff3f.jpg</filename>
	<path>India_000006_jpg.rf.2922ff4fc3923ff0224f73f85d96ff3f.jpg</path>
	<source>
		<database>roboflow.com</database>
	</source>
	<size>
		<width>640</width>
		<height>640</height>
		<depth>3</depth>
	</size>
	<segmented>0</segmented>
	<object>
		<name>DamagedRoad</name>
		<pose>Unspecified</pose>
		<truncated>0</truncated>
		<difficult>0</difficult>
		<occluded>0</occluded>
		<bndbox>
			<xmin>56</xmin>
			<xmax>256</xmax>
			<ymin>532</ymin>
			<ymax>615</ymax>
		</bndbox>
		<polygon>
			<x1>224.993872</x1>
			<y1>554.080251</y1>
			<x2>63.532917</x2>
			<y2>530.64082</y2>
			<x3>55.392219</x3>
			<y3>562.21306</y3>
			<x4>159.906886</x4>
			<y4>613.512181</y4>
			<x5>255.033986</x5>
			<y5>584.109035</y5>
			<x6>224.993872</x6>
			<y6>554.080251</y6>
		</polygon>
	</object>
	<object>
		<name>DamagedRoad</name>
		<pose>Unspecified</pose>
		<truncated>0</truncated>
		<difficult>0</difficult>
		<occluded>0</occluded>
		<bndbox>
			<xmin>221</xmin>
			<xmax>241</xmax>
			<ymin>370</ymin>
			<ymax>388</ymax>
		</bndbox>
		<polygon>
			<x1>219.815545</x1>
			<y1>373.638367</y1>
			<x2>229.214359</x2>
			<y2>387.443195</y2>
			<x3>240.19989</x3>
			<y3>378.932645</y3>
			<x4>240.19989</x4>
			<y4>369.049426</y4>
			<x5>219.815545</x5>
			<y5>373.638367</y5>
		</polygon>
	</object>
	<object>
		<name>DamagedRoad</name>
		<pose>Unspecified</pose>
		<truncated>0</truncated>
		<difficult>0</difficult>
		<occluded>0</occluded>
		<bndbox>
			<xmin>498</xmin>
			<xmax>526</xmax>
			<ymin>486</ymin>
			<ymax>515</ymax>
		</bndbox>
		<polygon>
			<x1>516.760348</x1>
			<y1>484.958876</y1>
			<x2>496.902627</x2>
			<y2>485.571934</y2>
			<x3>512.09151</x3>
			<y3>513.510424</y3>
			<x4>524.999487</x4>
			<y4>508.294253</y4>
			<x5>516.760348</x5>
			<y5>484.958876</y5>
		</polygon>
	</object>
</annotation>
