<annotation>
	<folder></folder>
	<filename>India_000008_jpg.rf.b481fdc78f2efacfbc96ec056dca1cb4.jpg</filename>
	<path>India_000008_jpg.rf.b481fdc78f2efacfbc96ec056dca1cb4.jpg</path>
	<source>
		<database>roboflow.com</database>
	</source>
	<size>
		<width>640</width>
		<height>640</height>
		<depth>3</depth>
	</size>
	<segmented>0</segmented>
	<object>
		<name>DamagedRoad</name>
		<pose>Unspecified</pose>
		<truncated>0</truncated>
		<difficult>0</difficult>
		<occluded>0</occluded>
		<bndbox>
			<xmin>436</xmin>
			<xmax>463</xmax>
			<ymin>478</ymin>
			<ymax>498</ymax>
		</bndbox>
		<polygon>
			<x1>434.864861</x1>
			<y1>476.765573</y1>
			<x2>442.189518</x2>
			<y2>496.993667</y2>
			<x3>462.040723</x3>
			<y3>488.489257</y3>
			<x4>457.65798</x4>
			<y4>477.407707</y4>
			<x5>434.864861</x5>
			<y5>476.765573</y5>
		</polygon>
	</object>
</annotation>
