<annotation>
	<folder></folder>
	<filename>India_000031_jpg.rf.aa26a357828c1f36f93772c5e8d2bcb4.jpg</filename>
	<path>India_000031_jpg.rf.aa26a357828c1f36f93772c5e8d2bcb4.jpg</path>
	<source>
		<database>roboflow.com</database>
	</source>
	<size>
		<width>640</width>
		<height>640</height>
		<depth>3</depth>
	</size>
	<segmented>0</segmented>
	<object>
		<name>Street Light</name>
		<pose>Unspecified</pose>
		<truncated>0</truncated>
		<difficult>0</difficult>
		<occluded>0</occluded>
		<bndbox>
			<xmin>452</xmin>
			<xmax>502</xmax>
			<ymin>85</ymin>
			<ymax>346</ymax>
		</bndbox>
	</object>
	<object>
		<name>DamagedRoad</name>
		<pose>Unspecified</pose>
		<truncated>0</truncated>
		<difficult>0</difficult>
		<occluded>0</occluded>
		<bndbox>
			<xmin>7</xmin>
			<xmax>83</xmax>
			<ymin>377</ymin>
			<ymax>433</ymax>
		</bndbox>
		<polygon>
			<x1>5.883139</x1>
			<y1>376.332237</y1>
			<x2>8.100716</x2>
			<y2>431.702796</y2>
			<x3>81.722815</x3>
			<y3>393.008931</y3>
			<x4>65.025037</x4>
			<y4>381.628379</y4>
			<x5>5.883139</x5>
			<y5>376.332237</y5>
		</polygon>
	</object>
</annotation>
