<annotation>
	<folder></folder>
	<filename>India_000389_jpg.rf.79f50c88c53792402bc6f8b4f77429bd.jpg</filename>
	<path>India_000389_jpg.rf.79f50c88c53792402bc6f8b4f77429bd.jpg</path>
	<source>
		<database>roboflow.com</database>
	</source>
	<size>
		<width>640</width>
		<height>640</height>
		<depth>3</depth>
	</size>
	<segmented>0</segmented>
	<object>
		<name>DamagedRoad</name>
		<pose>Unspecified</pose>
		<truncated>0</truncated>
		<difficult>0</difficult>
		<occluded>0</occluded>
		<bndbox>
			<xmin>288</xmin>
			<xmax>410</xmax>
			<ymin>310</ymin>
			<ymax>400</ymax>
		</bndbox>
	</object>
	<object>
		<name>Street Light</name>
		<pose>Unspecified</pose>
		<truncated>0</truncated>
		<difficult>0</difficult>
		<occluded>0</occluded>
		<bndbox>
			<xmin>403</xmin>
			<xmax>469</xmax>
			<ymin>31</ymin>
			<ymax>310</ymax>
		</bndbox>
	</object>
</annotation>
