<annotation>
	<folder></folder>
	<filename>India_000395_jpg.rf.6e88e86f867f0fd256b12b6757affc0f.jpg</filename>
	<path>India_000395_jpg.rf.6e88e86f867f0fd256b12b6757affc0f.jpg</path>
	<source>
		<database>roboflow.com</database>
	</source>
	<size>
		<width>640</width>
		<height>640</height>
		<depth>3</depth>
	</size>
	<segmented>0</segmented>
	<object>
		<name>Street Light</name>
		<pose>Unspecified</pose>
		<truncated>0</truncated>
		<difficult>0</difficult>
		<occluded>0</occluded>
		<bndbox>
			<xmin>467</xmin>
			<xmax>516</xmax>
			<ymin>187</ymin>
			<ymax>355</ymax>
		</bndbox>
	</object>
	<object>
		<name>Street Light</name>
		<pose>Unspecified</pose>
		<truncated>0</truncated>
		<difficult>0</difficult>
		<occluded>0</occluded>
		<bndbox>
			<xmin>423</xmin>
			<xmax>456</xmax>
			<ymin>246</ymin>
			<ymax>339</ymax>
		</bndbox>
	</object>
</annotation>
