<annotation>
	<folder></folder>
	<filename>India_000027_jpg.rf.69c6a26d9aae448f0bdbf96f31e62be3.jpg</filename>
	<path>India_000027_jpg.rf.69c6a26d9aae448f0bdbf96f31e62be3.jpg</path>
	<source>
		<database>roboflow.com</database>
	</source>
	<size>
		<width>640</width>
		<height>640</height>
		<depth>3</depth>
	</size>
	<segmented>0</segmented>
	<object>
		<name>DamagedRoad</name>
		<pose>Unspecified</pose>
		<truncated>0</truncated>
		<difficult>0</difficult>
		<occluded>0</occluded>
		<bndbox>
			<xmin>419</xmin>
			<xmax>557</xmax>
			<ymin>439</ymin>
			<ymax>547</ymax>
		</bndbox>
		<polygon>
			<x1>556.177539</x1>
			<y1>482.872388</y1>
			<x2>418.128612</x2>
			<y2>438.221093</y2>
			<x3>436.522605</x3>
			<y3>542.090883</y3>
			<x4>528.023411</x4>
			<y4>546.195117</y4>
			<x5>556.177539</x5>
			<y5>482.872388</y5>
		</polygon>
	</object>
	<object>
		<name>DamagedRoad</name>
		<pose>Unspecified</pose>
		<truncated>0</truncated>
		<difficult>0</difficult>
		<occluded>0</occluded>
		<bndbox>
			<xmin>158</xmin>
			<xmax>284</xmax>
			<ymin>420</ymin>
			<ymax>499</ymax>
		</bndbox>
		<polygon>
			<x1>283.434595</x1>
			<y1>436.552956</y1>
			<x2>185.671975</x2>
			<y2>419.155249</y2>
			<x3>156.741107</x3>
			<y3>445.934096</y3>
			<x4>261.145906</x4>
			<y4>498.116747</y4>
			<x5>283.434595</x5>
			<y5>436.552956</y5>
		</polygon>
	</object>
	<object>
		<name>Street Light</name>
		<pose>Unspecified</pose>
		<truncated>0</truncated>
		<difficult>0</difficult>
		<occluded>0</occluded>
		<bndbox>
			<xmin>373</xmin>
			<xmax>414</xmax>
			<ymin>101</ymin>
			<ymax>361</ymax>
		</bndbox>
	</object>
</annotation>
