<annotation>
	<folder></folder>
	<filename>India_000009_jpg.rf.9350975dd52ef557099cc8c30e1a6810.jpg</filename>
	<path>India_000009_jpg.rf.9350975dd52ef557099cc8c30e1a6810.jpg</path>
	<source>
		<database>roboflow.com</database>
	</source>
	<size>
		<width>640</width>
		<height>640</height>
		<depth>3</depth>
	</size>
	<segmented>0</segmented>
	<object>
		<name>DamagedRoad</name>
		<pose>Unspecified</pose>
		<truncated>0</truncated>
		<difficult>0</difficult>
		<occluded>0</occluded>
		<bndbox>
			<xmin>250</xmin>
			<xmax>313</xmax>
			<ymin>407</ymin>
			<ymax>456</ymax>
		</bndbox>
		<polygon>
			<x1>286.315581</x1>
			<y1>406.26566</y1>
			<x2>248.724931</x2>
			<y2>443.669064</y2>
			<x3>259.153639</x3>
			<y3>455.136263</y3>
			<x4>311.818612</x4>
			<y4>416.043417</y4>
			<x5>286.315581</x5>
			<y5>406.26566</y5>
		</polygon>
	</object>
	<object>
		<name>Street Light</name>
		<pose>Unspecified</pose>
		<truncated>0</truncated>
		<difficult>0</difficult>
		<occluded>0</occluded>
		<bndbox>
			<xmin>403</xmin>
			<xmax>431</xmax>
			<ymin>200</ymin>
			<ymax>352</ymax>
		</bndbox>
	</object>
</annotation>
