<annotation>
	<folder></folder>
	<filename>India_000209_jpg.rf.781e6846a4dcd01059d1465020e579d7.jpg</filename>
	<path>India_000209_jpg.rf.781e6846a4dcd01059d1465020e579d7.jpg</path>
	<source>
		<database>roboflow.com</database>
	</source>
	<size>
		<width>640</width>
		<height>640</height>
		<depth>3</depth>
	</size>
	<segmented>0</segmented>
	<object>
		<name>DamagedRoad</name>
		<pose>Unspecified</pose>
		<truncated>0</truncated>
		<difficult>0</difficult>
		<occluded>0</occluded>
		<bndbox>
			<xmin>214</xmin>
			<xmax>633</xmax>
			<ymin>381</ymin>
			<ymax>613</ymax>
		</bndbox>
		<polygon>
			<x1>620.267461</x1>
			<y1>454.783688</y1>
			<x2>232.634898</x2>
			<y2>379.936509</y2>
			<x3>212.970023</x3>
			<y3>575.606745</y3>
			<x4>565.419487</x4>
			<y4>612.158237</y4>
			<x5>632.455883</x5>
			<y5>497.427083</y5>
			<x6>620.267461</x6>
			<y6>454.783688</y6>
		</polygon>
	</object>
	<object>
		<name>Street Light</name>
		<pose>Unspecified</pose>
		<truncated>0</truncated>
		<difficult>0</difficult>
		<occluded>0</occluded>
		<bndbox>
			<xmin>428</xmin>
			<xmax>476</xmax>
			<ymin>110</ymin>
			<ymax>364</ymax>
		</bndbox>
	</object>
	<object>
		<name>Street Light</name>
		<pose>Unspecified</pose>
		<truncated>0</truncated>
		<difficult>0</difficult>
		<occluded>0</occluded>
		<bndbox>
			<xmin>363</xmin>
			<xmax>407</xmax>
			<ymin>238</ymin>
			<ymax>371</ymax>
		</bndbox>
	</object>
	<object>
		<name>DamagedRoad</name>
		<pose>Unspecified</pose>
		<truncated>0</truncated>
		<difficult>0</difficult>
		<occluded>0</occluded>
		<bndbox>
			<xmin>6</xmin>
			<xmax>199</xmax>
			<ymin>415</ymin>
			<ymax>596</ymax>
		</bndbox>
		<polygon>
			<x1>4.750627</x1>
			<y1>458.844982</y1>
			<x2>4.750627</x2>
			<y2>594.897834</y2>
			<x3>197.734458</x3>
			<y3>494.381171</y3>
			<x4>194.687314</x4>
			<y4>414.1709</y4>
			<x5>4.750627</x5>
			<y5>458.844982</y5>
		</polygon>
	</object>
</annotation>
