<annotation>
	<folder></folder>
	<filename>India_000004_jpg.rf.ce4448f78c865a8acde9403be25ad417.jpg</filename>
	<path>India_000004_jpg.rf.ce4448f78c865a8acde9403be25ad417.jpg</path>
	<source>
		<database>roboflow.com</database>
	</source>
	<size>
		<width>640</width>
		<height>640</height>
		<depth>3</depth>
	</size>
	<segmented>0</segmented>
	<object>
		<name>Street Light</name>
		<pose>Unspecified</pose>
		<truncated>0</truncated>
		<difficult>0</difficult>
		<occluded>0</occluded>
		<bndbox>
			<xmin>390</xmin>
			<xmax>422</xmax>
			<ymin>201</ymin>
			<ymax>394</ymax>
		</bndbox>
	</object>
	<object>
		<name>Street Light</name>
		<pose>Unspecified</pose>
		<truncated>0</truncated>
		<difficult>0</difficult>
		<occluded>0</occluded>
		<bndbox>
			<xmin>434</xmin>
			<xmax>495</xmax>
			<ymin>5</ymin>
			<ymax>436</ymax>
		</bndbox>
	</object>
</annotation>
