<annotation>
	<folder></folder>
	<filename>India_000029_jpg.rf.b4f8274cb2192628c029d6db1915f732.jpg</filename>
	<path>India_000029_jpg.rf.b4f8274cb2192628c029d6db1915f732.jpg</path>
	<source>
		<database>roboflow.com</database>
	</source>
	<size>
		<width>640</width>
		<height>640</height>
		<depth>3</depth>
	</size>
	<segmented>0</segmented>
	<object>
		<name>DamagedRoad</name>
		<pose>Unspecified</pose>
		<truncated>0</truncated>
		<difficult>0</difficult>
		<occluded>0</occluded>
		<bndbox>
			<xmin>465</xmin>
			<xmax>635</xmax>
			<ymin>333</ymin>
			<ymax>449</ymax>
		</bndbox>
		<polygon>
			<x1>588.595379</x1>
			<y1>332.04708</y1>
			<x2>464.326619</x2>
			<y2>338.492063</y2>
			<x3>602.085908</x3>
			<y3>447.552482</y3>
			<x4>634.345826</x4>
			<y4>414.132111</y4>
			<x5>634.345826</x5>
			<y5>358.431562</y5>
			<x6>588.595379</x6>
			<y6>332.04708</y6>
		</polygon>
	</object>
	<object>
		<name>DamagedRoad</name>
		<pose>Unspecified</pose>
		<truncated>0</truncated>
		<difficult>0</difficult>
		<occluded>0</occluded>
		<bndbox>
			<xmin>242</xmin>
			<xmax>272</xmax>
			<ymin>290</ymin>
			<ymax>301</ymax>
		</bndbox>
		<polygon>
			<x1>241.595835</x1>
			<y1>288.869759</y1>
			<x2>241.257774</x2>
			<y2>298.553064</y2>
			<x3>268.176473</x3>
			<y3>299.819351</y3>
			<x4>271.026693</x4>
			<y4>292.538229</y4>
			<x5>241.595835</x5>
			<y5>288.869759</y5>
		</polygon>
	</object>
</annotation>
