<annotation>
	<folder></folder>
	<filename>India_000147_jpg.rf.c84808421ade624ad05c1a7ab938a4b5.jpg</filename>
	<path>India_000147_jpg.rf.c84808421ade624ad05c1a7ab938a4b5.jpg</path>
	<source>
		<database>roboflow.com</database>
	</source>
	<size>
		<width>640</width>
		<height>640</height>
		<depth>3</depth>
	</size>
	<segmented>0</segmented>
	<object>
		<name>DamagedRoad</name>
		<pose>Unspecified</pose>
		<truncated>0</truncated>
		<difficult>0</difficult>
		<occluded>0</occluded>
		<bndbox>
			<xmin>343</xmin>
			<xmax>540</xmax>
			<ymin>377</ymin>
			<ymax>451</ymax>
		</bndbox>
	</object>
	<object>
		<name>Street Light</name>
		<pose>Unspecified</pose>
		<truncated>0</truncated>
		<difficult>0</difficult>
		<occluded>0</occluded>
		<bndbox>
			<xmin>304</xmin>
			<xmax>347</xmax>
			<ymin>134</ymin>
			<ymax>327</ymax>
		</bndbox>
	</object>
</annotation>
