<annotation>
	<folder></folder>
	<filename>United_States_004767_jpg.rf.384602b495b038b4d35260513f85f5b9.jpg</filename>
	<path>United_States_004767_jpg.rf.384602b495b038b4d35260513f85f5b9.jpg</path>
	<source>
		<database>roboflow.com</database>
	</source>
	<size>
		<width>640</width>
		<height>640</height>
		<depth>3</depth>
	</size>
	<segmented>0</segmented>
	<object>
		<name>DamagedRoad</name>
		<pose>Unspecified</pose>
		<truncated>0</truncated>
		<difficult>0</difficult>
		<occluded>0</occluded>
		<bndbox>
			<xmin>429</xmin>
			<xmax>601</xmax>
			<ymin>454</ymin>
			<ymax>498</ymax>
		</bndbox>
	</object>
	<object>
		<name>Street Light</name>
		<pose>Unspecified</pose>
		<truncated>0</truncated>
		<difficult>0</difficult>
		<occluded>0</occluded>
		<bndbox>
			<xmin>175</xmin>
			<xmax>199</xmax>
			<ymin>275</ymin>
			<ymax>341</ymax>
		</bndbox>
	</object>
</annotation>
