<annotation>
	<folder></folder>
	<filename>United_States_004800_jpg.rf.b27dbd3028fb58ede54798e91ccabf02.jpg</filename>
	<path>United_States_004800_jpg.rf.b27dbd3028fb58ede54798e91ccabf02.jpg</path>
	<source>
		<database>roboflow.com</database>
	</source>
	<size>
		<width>640</width>
		<height>640</height>
		<depth>3</depth>
	</size>
	<segmented>0</segmented>
	<object>
		<name>DamagedRoad</name>
		<pose>Unspecified</pose>
		<truncated>0</truncated>
		<difficult>0</difficult>
		<occluded>0</occluded>
		<bndbox>
			<xmin>399</xmin>
			<xmax>615</xmax>
			<ymin>411</ymin>
			<ymax>638</ymax>
		</bndbox>
		<polygon>
			<x1>526.590618</x1>
			<y1>636.577484</y1>
			<x2>613.576144</x2>
			<y2>602.595988</y2>
			<x3>397.749977</x3>
			<y3>409.500003</y3>
			<x4>526.590618</x4>
			<y4>636.577484</y4>
		</polygon>
	</object>
	<object>
		<name>DamagedRoad</name>
		<pose>Unspecified</pose>
		<truncated>0</truncated>
		<difficult>0</difficult>
		<occluded>0</occluded>
		<bndbox>
			<xmin>239</xmin>
			<xmax>348</xmax>
			<ymin>416</ymin>
			<ymax>637</ymax>
		</bndbox>
	</object>
	<object>
		<name>DamagedRoad</name>
		<pose>Unspecified</pose>
		<truncated>0</truncated>
		<difficult>0</difficult>
		<occluded>0</occluded>
		<bndbox>
			<xmin>515</xmin>
			<xmax>605</xmax>
			<ymin>411</ymin>
			<ymax>482</ymax>
		</bndbox>
	</object>
	<object>
		<name>Street Light</name>
		<pose>Unspecified</pose>
		<truncated>0</truncated>
		<difficult>0</difficult>
		<occluded>0</occluded>
		<bndbox>
			<xmin>241</xmin>
			<xmax>268</xmax>
			<ymin>258</ymin>
			<ymax>343</ymax>
		</bndbox>
	</object>
</annotation>
