<annotation>
	<folder></folder>
	<filename>United_States_004803_jpg.rf.cc849dd0a4a74f210cd806402840ef85.jpg</filename>
	<path>United_States_004803_jpg.rf.cc849dd0a4a74f210cd806402840ef85.jpg</path>
	<source>
		<database>roboflow.com</database>
	</source>
	<size>
		<width>640</width>
		<height>640</height>
		<depth>3</depth>
	</size>
	<segmented>0</segmented>
	<object>
		<name>DamagedRoad</name>
		<pose>Unspecified</pose>
		<truncated>0</truncated>
		<difficult>0</difficult>
		<occluded>0</occluded>
		<bndbox>
			<xmin>297</xmin>
			<xmax>357</xmax>
			<ymin>533</ymin>
			<ymax>641</ymax>
		</bndbox>
	</object>
	<object>
		<name>DamagedRoad</name>
		<pose>Unspecified</pose>
		<truncated>0</truncated>
		<difficult>0</difficult>
		<occluded>0</occluded>
		<bndbox>
			<xmin>393</xmin>
			<xmax>492</xmax>
			<ymin>533</ymin>
			<ymax>614</ymax>
		</bndbox>
		<polygon>
			<x1>392.40667</x1>
			<y1>532.058217</y1>
			<x2>453.155882</x2>
			<y2>613.197261</y2>
			<x3>490.566705</x3>
			<y3>589.950643</y3>
			<x4>392.40667</x4>
			<y4>532.058217</y4>
		</polygon>
	</object>
</annotation>
