<annotation>
	<folder></folder>
	<filename>United_States_004781_jpg.rf.8c84c7ec9ae327edd4b6cca159230139.jpg</filename>
	<path>United_States_004781_jpg.rf.8c84c7ec9ae327edd4b6cca159230139.jpg</path>
	<source>
		<database>roboflow.com</database>
	</source>
	<size>
		<width>640</width>
		<height>640</height>
		<depth>3</depth>
	</size>
	<segmented>0</segmented>
	<object>
		<name>DamagedRoad</name>
		<pose>Unspecified</pose>
		<truncated>0</truncated>
		<difficult>0</difficult>
		<occluded>0</occluded>
		<bndbox>
			<xmin>123</xmin>
			<xmax>256</xmax>
			<ymin>511</ymin>
			<ymax>638</ymax>
		</bndbox>
		<polygon>
			<x1>207.749977</x1>
			<y1>510.250001</y1>
			<x2>121.657775</x2>
			<y2>636.577484</y2>
			<x3>254.635726</x3>
			<y3>636.577484</y3>
			<x4>247.636842</x4>
			<y4>536.631953</y4>
			<x5>207.749977</x5>
			<y5>510.250001</y5>
		</polygon>
	</object>
	<object>
		<name>Street Light</name>
		<pose>Unspecified</pose>
		<truncated>0</truncated>
		<difficult>0</difficult>
		<occluded>0</occluded>
		<bndbox>
			<xmin>47</xmin>
			<xmax>127</xmax>
			<ymin>271</ymin>
			<ymax>459</ymax>
		</bndbox>
	</object>
	<object>
		<name>Street Light</name>
		<pose>Unspecified</pose>
		<truncated>0</truncated>
		<difficult>0</difficult>
		<occluded>0</occluded>
		<bndbox>
			<xmin>366</xmin>
			<xmax>402</xmax>
			<ymin>248</ymin>
			<ymax>472</ymax>
		</bndbox>
	</object>
	<object>
		<name>Street Light</name>
		<pose>Unspecified</pose>
		<truncated>0</truncated>
		<difficult>0</difficult>
		<occluded>0</occluded>
		<bndbox>
			<xmin>284</xmin>
			<xmax>343</xmax>
			<ymin>286</ymin>
			<ymax>412</ymax>
		</bndbox>
	</object>
</annotation>
