<annotation>
	<folder></folder>
	<filename>United_States_004795_jpg.rf.b63b9de307f1396350028c16f410f7f4.jpg</filename>
	<path>United_States_004795_jpg.rf.b63b9de307f1396350028c16f410f7f4.jpg</path>
	<source>
		<database>roboflow.com</database>
	</source>
	<size>
		<width>640</width>
		<height>640</height>
		<depth>3</depth>
	</size>
	<segmented>0</segmented>
	<object>
		<name>DamagedRoad</name>
		<pose>Unspecified</pose>
		<truncated>0</truncated>
		<difficult>0</difficult>
		<occluded>0</occluded>
		<bndbox>
			<xmin>310</xmin>
			<xmax>553</xmax>
			<ymin>446</ymin>
			<ymax>489</ymax>
		</bndbox>
	</object>
</annotation>
