<annotation>
	<folder></folder>
	<filename>United_States_004789_jpg.rf.13c11d4aea4588adfc12395329899881.jpg</filename>
	<path>United_States_004789_jpg.rf.13c11d4aea4588adfc12395329899881.jpg</path>
	<source>
		<database>roboflow.com</database>
	</source>
	<size>
		<width>640</width>
		<height>640</height>
		<depth>3</depth>
	</size>
	<segmented>0</segmented>
	<object>
		<name>DamagedRoad</name>
		<pose>Unspecified</pose>
		<truncated>0</truncated>
		<difficult>0</difficult>
		<occluded>0</occluded>
		<bndbox>
			<xmin>215</xmin>
			<xmax>374</xmax>
			<ymin>510</ymin>
			<ymax>584</ymax>
		</bndbox>
	</object>
	<object>
		<name>DamagedRoad</name>
		<pose>Unspecified</pose>
		<truncated>0</truncated>
		<difficult>0</difficult>
		<occluded>0</occluded>
		<bndbox>
			<xmin>474</xmin>
			<xmax>564</xmax>
			<ymin>588</ymin>
			<ymax>641</ymax>
		</bndbox>
	</object>
	<object>
		<name>DamagedRoad</name>
		<pose>Unspecified</pose>
		<truncated>0</truncated>
		<difficult>0</difficult>
		<occluded>0</occluded>
		<bndbox>
			<xmin>228</xmin>
			<xmax>293</xmax>
			<ymin>389</ymin>
			<ymax>481</ymax>
		</bndbox>
		<polygon>
			<x1>283.233524</x1>
			<y1>387.549454</y1>
			<x2>227.470372</x2>
			<y2>473.026211</y2>
			<x3>243.7247</x3>
			<y3>480.24762</y3>
			<x4>292.487684</x4>
			<y4>394.6739</y4>
			<x5>283.233524</x5>
			<y5>387.549454</y5>
		</polygon>
	</object>
	<object>
		<name>DamagedRoad</name>
		<pose>Unspecified</pose>
		<truncated>0</truncated>
		<difficult>0</difficult>
		<occluded>0</occluded>
		<bndbox>
			<xmin>403</xmin>
			<xmax>449</xmax>
			<ymin>382</ymin>
			<ymax>400</ymax>
		</bndbox>
	</object>
	<object>
		<name>Street Light</name>
		<pose>Unspecified</pose>
		<truncated>0</truncated>
		<difficult>0</difficult>
		<occluded>0</occluded>
		<bndbox>
			<xmin>215</xmin>
			<xmax>237</xmax>
			<ymin>272</ymin>
			<ymax>329</ymax>
		</bndbox>
	</object>
</annotation>
