<annotation>
	<folder></folder>
	<filename>United_States_004790_jpg.rf.8a9cd7529df99c5bd02f48ea6f1d9c79.jpg</filename>
	<path>United_States_004790_jpg.rf.8a9cd7529df99c5bd02f48ea6f1d9c79.jpg</path>
	<source>
		<database>roboflow.com</database>
	</source>
	<size>
		<width>640</width>
		<height>640</height>
		<depth>3</depth>
	</size>
	<segmented>0</segmented>
	<object>
		<name>DamagedRoad</name>
		<pose>Unspecified</pose>
		<truncated>0</truncated>
		<difficult>0</difficult>
		<occluded>0</occluded>
		<bndbox>
			<xmin>133</xmin>
			<xmax>312</xmax>
			<ymin>405</ymin>
			<ymax>641</ymax>
		</bndbox>
		<polygon>
			<x1>131.656115</x1>
			<y1>640</y1>
			<x2>310.626414</x2>
			<y2>639.575804</y2>
			<x3>223.999977</x3>
			<y3>404.000001</y3>
			<x4>131.656115</x4>
			<y4>640</y4>
		</polygon>
	</object>
	<object>
		<name>DamagedRoad</name>
		<pose>Unspecified</pose>
		<truncated>0</truncated>
		<difficult>0</difficult>
		<occluded>0</occluded>
		<bndbox>
			<xmin>290</xmin>
			<xmax>514</xmax>
			<ymin>424</ymin>
			<ymax>640</ymax>
		</bndbox>
		<polygon>
			<x1>344.620785</x1>
			<y1>638.576364</y1>
			<x2>512.59285</x2>
			<y2>636.577484</y2>
			<x3>288.999977</x3>
			<y3>422.750001</y3>
			<x4>344.620785</x4>
			<y4>638.576364</y4>
		</polygon>
	</object>
	<object>
		<name>DamagedRoad</name>
		<pose>Unspecified</pose>
		<truncated>0</truncated>
		<difficult>0</difficult>
		<occluded>0</occluded>
		<bndbox>
			<xmin>165</xmin>
			<xmax>217</xmax>
			<ymin>367</ymin>
			<ymax>510</ymax>
		</bndbox>
		<polygon>
			<x1>215.580785</x1>
			<y1>419.693283</y1>
			<x2>193.78122</x2>
			<y2>366.32617</y2>
			<x3>182.482666</x3>
			<y3>376.619504</y3>
			<x4>163.747865</x4>
			<y4>508.337711</y4>
			<x5>179.984683</x5>
			<y5>508.961958</y5>
			<x6>215.580785</x6>
			<y6>419.693283</y6>
		</polygon>
	</object>
	<object>
		<name>DamagedRoad</name>
		<pose>Unspecified</pose>
		<truncated>0</truncated>
		<difficult>0</difficult>
		<occluded>0</occluded>
		<bndbox>
			<xmin>232</xmin>
			<xmax>312</xmax>
			<ymin>383</ymin>
			<ymax>524</ymax>
		</bndbox>
		<polygon>
			<x1>279.903621</x1>
			<y1>424.687285</y1>
			<x2>234.380029</x2>
			<y2>381.941096</y2>
			<x3>230.568636</x3>
			<y3>415.323433</y3>
			<x4>305.507839</x4>
			<y4>523.319884</y4>
			<x5>310.503805</x5>
			<y5>512.083242</y5>
			<x6>279.903621</x6>
			<y6>424.687285</y6>
		</polygon>
	</object>
</annotation>
