<annotation>
	<folder></folder>
	<filename>United_States_000026_jpg.rf.1e350463b5a10cf717fb2dd3f3f30deb.jpg</filename>
	<path>United_States_000026_jpg.rf.1e350463b5a10cf717fb2dd3f3f30deb.jpg</path>
	<source>
		<database>roboflow.com</database>
	</source>
	<size>
		<width>640</width>
		<height>640</height>
		<depth>3</depth>
	</size>
	<segmented>0</segmented>
	<object>
		<name>DamagedRoad</name>
		<pose>Unspecified</pose>
		<truncated>0</truncated>
		<difficult>0</difficult>
		<occluded>0</occluded>
		<bndbox>
			<xmin>5</xmin>
			<xmax>289</xmax>
			<ymin>363</ymin>
			<ymax>641</ymax>
		</bndbox>
		<polygon>
			<x1>198.644962</x1>
			<y1>636.577484</y1>
			<x2>287.630202</x2>
			<y2>377.718545</y2>
			<x3>197.749977</x3>
			<y3>361.500001</y3>
			<x4>3.677333</x4>
			<y4>496.653741</y4>
			<x5>47.670044</x5>
			<y5>614.589421</y5>
			<x6>132.655933</x6>
			<y6>640</y6>
			<x7>198.644962</x7>
			<y7>636.577484</y7>
		</polygon>
	</object>
	<object>
		<name>Street Light</name>
		<pose>Unspecified</pose>
		<truncated>0</truncated>
		<difficult>0</difficult>
		<occluded>0</occluded>
		<bndbox>
			<xmin>314</xmin>
			<xmax>362</xmax>
			<ymin>235</ymin>
			<ymax>355</ymax>
		</bndbox>
	</object>
</annotation>
