<annotation>
	<folder></folder>
	<filename>United_States_004776_jpg.rf.993842b61cbdcd0310dbc10cafdd2206.jpg</filename>
	<path>United_States_004776_jpg.rf.993842b61cbdcd0310dbc10cafdd2206.jpg</path>
	<source>
		<database>roboflow.com</database>
	</source>
	<size>
		<width>640</width>
		<height>640</height>
		<depth>3</depth>
	</size>
	<segmented>0</segmented>
	<object>
		<name>DamagedRoad</name>
		<pose>Unspecified</pose>
		<truncated>0</truncated>
		<difficult>0</difficult>
		<occluded>0</occluded>
		<bndbox>
			<xmin>11</xmin>
			<xmax>183</xmax>
			<ymin>435</ymin>
			<ymax>582</ymax>
		</bndbox>
	</object>
	<object>
		<name>DamagedRoad</name>
		<pose>Unspecified</pose>
		<truncated>0</truncated>
		<difficult>0</difficult>
		<occluded>0</occluded>
		<bndbox>
			<xmin>252</xmin>
			<xmax>344</xmax>
			<ymin>457</ymin>
			<ymax>640</ymax>
		</bndbox>
		<polygon>
			<x1>268.618358</x1>
			<y1>635.025841</y1>
			<x2>343.100286</x2>
			<y2>639.065947</y2>
			<x3>250.624173</x3>
			<y3>456.349685</y3>
			<x4>268.618358</x4>
			<y4>635.025841</y4>
		</polygon>
	</object>
	<object>
		<name>Street Light</name>
		<pose>Unspecified</pose>
		<truncated>0</truncated>
		<difficult>0</difficult>
		<occluded>0</occluded>
		<bndbox>
			<xmin>233</xmin>
			<xmax>249</xmax>
			<ymin>281</ymin>
			<ymax>338</ymax>
		</bndbox>
	</object>
</annotation>
