<annotation>
	<folder></folder>
	<filename>United_States_000230_jpg.rf.1f9dc322b5094291c592840d351e3a4e.jpg</filename>
	<path>United_States_000230_jpg.rf.1f9dc322b5094291c592840d351e3a4e.jpg</path>
	<source>
		<database>roboflow.com</database>
	</source>
	<size>
		<width>640</width>
		<height>640</height>
		<depth>3</depth>
	</size>
	<segmented>0</segmented>
	<object>
		<name>DamagedRoad</name>
		<pose>Unspecified</pose>
		<truncated>0</truncated>
		<difficult>0</difficult>
		<occluded>0</occluded>
		<bndbox>
			<xmin>1</xmin>
			<xmax>261</xmax>
			<ymin>355</ymin>
			<ymax>637</ymax>
		</bndbox>
		<polygon>
			<x1>74.665608</x1>
			<y1>631.580207</y1>
			<x2>258.635001</x2>
			<y2>635.578044</y2>
			<x3>259.634896</x3>
			<y3>358.728879</y3>
			<x4>126.499977</x4>
			<y4>354.000001</y4>
			<x5>9.676398</x5>
			<y5>405.703362</y5>
			<x6>0</x6>
			<y6>592.601435</y6>
			<x7>74.665608</x7>
			<y7>631.580207</y7>
		</polygon>
	</object>
	<object>
		<name>DamagedRoad</name>
		<pose>Unspecified</pose>
		<truncated>0</truncated>
		<difficult>0</difficult>
		<occluded>0</occluded>
		<bndbox>
			<xmin>260</xmin>
			<xmax>553</xmax>
			<ymin>470</ymin>
			<ymax>641</ymax>
		</bndbox>
		<polygon>
			<x1>551.571712</x1>
			<y1>572.699123</y1>
			<x2>282.7863</x2>
			<y2>468.603937</y2>
			<x3>259.3088</x3>
			<y3>528.376874</y3>
			<x4>451.652775</x4>
			<y4>640</y4>
			<x5>551.571712</x5>
			<y5>572.699123</y5>
		</polygon>
	</object>
	<object>
		<name>DamagedRoad</name>
		<pose>Unspecified</pose>
		<truncated>0</truncated>
		<difficult>0</difficult>
		<occluded>0</occluded>
		<bndbox>
			<xmin>266</xmin>
			<xmax>328</xmax>
			<ymin>401</ymin>
			<ymax>431</ymax>
		</bndbox>
		<polygon>
			<x1>265.609881</x1>
			<y1>404.582739</y1>
			<x2>264.92925</x2>
			<y2>430.368546</y2>
			<x3>327.378586</x3>
			<y3>424.750225</y3>
			<x4>320.509169</x4>
			<y4>400.404223</y4>
			<x5>265.609881</x5>
			<y5>404.582739</y5>
		</polygon>
	</object>
	<object>
		<name>Street Light</name>
		<pose>Unspecified</pose>
		<truncated>0</truncated>
		<difficult>0</difficult>
		<occluded>0</occluded>
		<bndbox>
			<xmin>384</xmin>
			<xmax>454</xmax>
			<ymin>86</ymin>
			<ymax>403</ymax>
		</bndbox>
	</object>
</annotation>
