<annotation>
	<folder></folder>
	<filename>United_States_004777_jpg.rf.61ba327b97a51cc1bd0af33a436a61bc.jpg</filename>
	<path>United_States_004777_jpg.rf.61ba327b97a51cc1bd0af33a436a61bc.jpg</path>
	<source>
		<database>roboflow.com</database>
	</source>
	<size>
		<width>640</width>
		<height>640</height>
		<depth>3</depth>
	</size>
	<segmented>0</segmented>
	<object>
		<name>DamagedRoad</name>
		<pose>Unspecified</pose>
		<truncated>0</truncated>
		<difficult>0</difficult>
		<occluded>0</occluded>
		<bndbox>
			<xmin>411</xmin>
			<xmax>470</xmax>
			<ymin>481</ymin>
			<ymax>527</ymax>
		</bndbox>
	</object>
	<object>
		<name>DamagedRoad</name>
		<pose>Unspecified</pose>
		<truncated>0</truncated>
		<difficult>0</difficult>
		<occluded>0</occluded>
		<bndbox>
			<xmin>138</xmin>
			<xmax>220</xmax>
			<ymin>369</ymin>
			<ymax>425</ymax>
		</bndbox>
		<polygon>
			<x1>137.145004</x1>
			<y1>380.759236</y1>
			<x2>147.848096</x2>
			<y2>423.589698</y2>
			<x3>215.340264</x3>
			<y3>375.471561</y3>
			<x4>219.480021</x4>
			<y4>367.654992</y4>
			<x5>137.145004</x5>
			<y5>380.759236</y5>
		</polygon>
	</object>
</annotation>
