<annotation>
	<folder></folder>
	<filename>United_States_004766_jpg.rf.e5f434b1ef1cfd5a28a7e98a0f467f2d.jpg</filename>
	<path>United_States_004766_jpg.rf.e5f434b1ef1cfd5a28a7e98a0f467f2d.jpg</path>
	<source>
		<database>roboflow.com</database>
	</source>
	<size>
		<width>640</width>
		<height>640</height>
		<depth>3</depth>
	</size>
	<segmented>0</segmented>
	<object>
		<name>DamagedRoad</name>
		<pose>Unspecified</pose>
		<truncated>0</truncated>
		<difficult>0</difficult>
		<occluded>0</occluded>
		<bndbox>
			<xmin>14</xmin>
			<xmax>630</xmax>
			<ymin>444</ymin>
			<ymax>628</ymax>
		</bndbox>
	</object>
</annotation>
