<annotation>
	<folder></folder>
	<filename>United_States_004797_jpg.rf.6307a7d64f7c1f2db96dc84bbd95dfa6.jpg</filename>
	<path>United_States_004797_jpg.rf.6307a7d64f7c1f2db96dc84bbd95dfa6.jpg</path>
	<source>
		<database>roboflow.com</database>
	</source>
	<size>
		<width>640</width>
		<height>640</height>
		<depth>3</depth>
	</size>
	<segmented>0</segmented>
	<object>
		<name>DamagedRoad</name>
		<pose>Unspecified</pose>
		<truncated>0</truncated>
		<difficult>0</difficult>
		<occluded>0</occluded>
		<bndbox>
			<xmin>116</xmin>
			<xmax>352</xmax>
			<ymin>443</ymin>
			<ymax>634</ymax>
		</bndbox>
		<polygon>
			<x1>235.249977</x1>
			<y1>442.000003</y1>
			<x2>114.658967</x2>
			<y2>553.622663</y2>
			<x3>172.649293</x3>
			<y3>632.579647</y3>
			<x4>350.619774</x4>
			<y4>496.653741</y4>
			<x5>235.249977</x5>
			<y5>442.000003</y5>
		</polygon>
	</object>
	<object>
		<name>DamagedRoad</name>
		<pose>Unspecified</pose>
		<truncated>0</truncated>
		<difficult>0</difficult>
		<occluded>0</occluded>
		<bndbox>
			<xmin>483</xmin>
			<xmax>621</xmax>
			<ymin>465</ymin>
			<ymax>554</ymax>
		</bndbox>
		<polygon>
			<x1>620.249977</x1>
			<y1>553.250003</y1>
			<x2>576.582317</x2>
			<y2>463.671686</y2>
			<x3>481.598088</x3>
			<y3>465.670642</y3>
			<x4>506.593938</x4>
			<y4>513.644451</y4>
			<x5>620.249977</x5>
			<y5>553.250003</y5>
		</polygon>
	</object>
	<object>
		<name>Street Light</name>
		<pose>Unspecified</pose>
		<truncated>0</truncated>
		<difficult>0</difficult>
		<occluded>0</occluded>
		<bndbox>
			<xmin>83</xmin>
			<xmax>123</xmax>
			<ymin>241</ymin>
			<ymax>347</ymax>
		</bndbox>
	</object>
	<object>
		<name>Street Light</name>
		<pose>Unspecified</pose>
		<truncated>0</truncated>
		<difficult>0</difficult>
		<occluded>0</occluded>
		<bndbox>
			<xmin>349</xmin>
			<xmax>384</xmax>
			<ymin>213</ymin>
			<ymax>344</ymax>
		</bndbox>
	</object>
</annotation>
