<annotation>
	<folder></folder>
	<filename>United_States_004793_jpg.rf.892eb1e2a4ca25ea1b1bced476f6d491.jpg</filename>
	<path>United_States_004793_jpg.rf.892eb1e2a4ca25ea1b1bced476f6d491.jpg</path>
	<source>
		<database>roboflow.com</database>
	</source>
	<size>
		<width>640</width>
		<height>640</height>
		<depth>3</depth>
	</size>
	<segmented>0</segmented>
	<object>
		<name>DamagedRoad</name>
		<pose>Unspecified</pose>
		<truncated>0</truncated>
		<difficult>0</difficult>
		<occluded>0</occluded>
		<bndbox>
			<xmin>197</xmin>
			<xmax>362</xmax>
			<ymin>553</ymin>
			<ymax>588</ymax>
		</bndbox>
	</object>
	<object>
		<name>DamagedRoad</name>
		<pose>Unspecified</pose>
		<truncated>0</truncated>
		<difficult>0</difficult>
		<occluded>0</occluded>
		<bndbox>
			<xmin>330</xmin>
			<xmax>478</xmax>
			<ymin>472</ymin>
			<ymax>640</ymax>
		</bndbox>
		<polygon>
			<x1>347.004683</x1>
			<y1>470.51678</y1>
			<x2>329.305153</x2>
			<y2>473.240832</y2>
			<x3>447.468632</x3>
			<y3>638.470509</y3>
			<x4>476.915007</x4>
			<y4>639.047661</y4>
			<x5>347.004683</x5>
			<y5>470.51678</y5>
		</polygon>
	</object>
	<object>
		<name>Street Light</name>
		<pose>Unspecified</pose>
		<truncated>0</truncated>
		<difficult>0</difficult>
		<occluded>0</occluded>
		<bndbox>
			<xmin>341</xmin>
			<xmax>386</xmax>
			<ymin>315</ymin>
			<ymax>438</ymax>
		</bndbox>
	</object>
	<object>
		<name>Street Light</name>
		<pose>Unspecified</pose>
		<truncated>0</truncated>
		<difficult>0</difficult>
		<occluded>0</occluded>
		<bndbox>
			<xmin>104</xmin>
			<xmax>163</xmax>
			<ymin>293</ymin>
			<ymax>436</ymax>
		</bndbox>
	</object>
	<object>
		<name>Street Light</name>
		<pose>Unspecified</pose>
		<truncated>0</truncated>
		<difficult>0</difficult>
		<occluded>0</occluded>
		<bndbox>
			<xmin>191</xmin>
			<xmax>226</xmax>
			<ymin>349</ymin>
			<ymax>425</ymax>
		</bndbox>
	</object>
	<object>
		<name>Street Light</name>
		<pose>Unspecified</pose>
		<truncated>0</truncated>
		<difficult>0</difficult>
		<occluded>0</occluded>
		<bndbox>
			<xmin>308</xmin>
			<xmax>336</xmax>
			<ymin>350</ymin>
			<ymax>422</ymax>
		</bndbox>
	</object>
</annotation>
