<annotation>
	<folder></folder>
	<filename>United_States_004794_jpg.rf.92c524928c99bb4f59ec65c0687713c0.jpg</filename>
	<path>United_States_004794_jpg.rf.92c524928c99bb4f59ec65c0687713c0.jpg</path>
	<source>
		<database>roboflow.com</database>
	</source>
	<size>
		<width>640</width>
		<height>640</height>
		<depth>3</depth>
	</size>
	<segmented>0</segmented>
	<object>
		<name>DamagedRoad</name>
		<pose>Unspecified</pose>
		<truncated>0</truncated>
		<difficult>0</difficult>
		<occluded>0</occluded>
		<bndbox>
			<xmin>140</xmin>
			<xmax>240</xmax>
			<ymin>468</ymin>
			<ymax>638</ymax>
		</bndbox>
		<polygon>
			<x1>221.107341</x1>
			<y1>467.354744</y1>
			<x2>139.398836</x2>
			<y2>627.817413</y2>
			<x3>187.484805</x3>
			<y3>636.557018</y3>
			<x4>239.317774</x4>
			<y4>473.62597</y4>
			<x5>221.107341</x5>
			<y5>467.354744</y5>
		</polygon>
	</object>
	<object>
		<name>Street Light</name>
		<pose>Unspecified</pose>
		<truncated>0</truncated>
		<difficult>0</difficult>
		<occluded>0</occluded>
		<bndbox>
			<xmin>490</xmin>
			<xmax>521</xmax>
			<ymin>218</ymin>
			<ymax>331</ymax>
		</bndbox>
	</object>
	<object>
		<name>Street Light</name>
		<pose>Unspecified</pose>
		<truncated>0</truncated>
		<difficult>0</difficult>
		<occluded>0</occluded>
		<bndbox>
			<xmin>278</xmin>
			<xmax>297</xmax>
			<ymin>272</ymin>
			<ymax>317</ymax>
		</bndbox>
	</object>
</annotation>
