<annotation>
	<folder></folder>
	<filename>United_States_004773_jpg.rf.37f08c285feba82b977167e0ef082b25.jpg</filename>
	<path>United_States_004773_jpg.rf.37f08c285feba82b977167e0ef082b25.jpg</path>
	<source>
		<database>roboflow.com</database>
	</source>
	<size>
		<width>640</width>
		<height>640</height>
		<depth>3</depth>
	</size>
	<segmented>0</segmented>
	<object>
		<name>DamagedRoad</name>
		<pose>Unspecified</pose>
		<truncated>0</truncated>
		<difficult>0</difficult>
		<occluded>0</occluded>
		<bndbox>
			<xmin>194</xmin>
			<xmax>343</xmax>
			<ymin>445</ymin>
			<ymax>637</ymax>
		</bndbox>
		<polygon>
			<x1>283.061371</x1>
			<y1>444.352333</y1>
			<x2>193.493437</x2>
			<y2>539.384704</y2>
			<x3>304.267578</x3>
			<y3>635.93778</y3>
			<x4>342.092881</x4>
			<y4>623.109042</y4>
			<x5>283.061371</x5>
			<y5>444.352333</y5>
		</polygon>
	</object>
	<object>
		<name>DamagedRoad</name>
		<pose>Unspecified</pose>
		<truncated>0</truncated>
		<difficult>0</difficult>
		<occluded>0</occluded>
		<bndbox>
			<xmin>479</xmin>
			<xmax>547</xmax>
			<ymin>501</ymin>
			<ymax>514</ymax>
		</bndbox>
	</object>
	<object>
		<name>Street Light</name>
		<pose>Unspecified</pose>
		<truncated>0</truncated>
		<difficult>0</difficult>
		<occluded>0</occluded>
		<bndbox>
			<xmin>184</xmin>
			<xmax>209</xmax>
			<ymin>261</ymin>
			<ymax>348</ymax>
		</bndbox>
	</object>
</annotation>
