<annotation>
	<folder></folder>
	<filename>United_States_004798_jpg.rf.03a14e0ba2a417df136a274ca52572fc.jpg</filename>
	<path>United_States_004798_jpg.rf.03a14e0ba2a417df136a274ca52572fc.jpg</path>
	<source>
		<database>roboflow.com</database>
	</source>
	<size>
		<width>640</width>
		<height>640</height>
		<depth>3</depth>
	</size>
	<segmented>0</segmented>
	<object>
		<name>DamagedRoad</name>
		<pose>Unspecified</pose>
		<truncated>0</truncated>
		<difficult>0</difficult>
		<occluded>0</occluded>
		<bndbox>
			<xmin>439</xmin>
			<xmax>616</xmax>
			<ymin>504</ymin>
			<ymax>636</ymax>
		</bndbox>
		<polygon>
			<x1>516.592278</x1>
			<y1>634.578528</y1>
			<x2>614.575887</x2>
			<y2>617.587818</y2>
			<x3>437.749977</x3>
			<y3>503.250003</y3>
			<x4>516.592278</x4>
			<y4>634.578528</y4>
		</polygon>
	</object>
	<object>
		<name>DamagedRoad</name>
		<pose>Unspecified</pose>
		<truncated>0</truncated>
		<difficult>0</difficult>
		<occluded>0</occluded>
		<bndbox>
			<xmin>319</xmin>
			<xmax>430</xmax>
			<ymin>436</ymin>
			<ymax>503</ymax>
		</bndbox>
		<polygon>
			<x1>382.614431</x1>
			<y1>501.651018</y1>
			<x2>428.60678</x2>
			<y2>472.666799</y2>
			<x3>317.749977</x3>
			<y3>434.500003</y3>
			<x4>382.614431</x4>
			<y4>501.651018</y4>
		</polygon>
	</object>
	<object>
		<name>Street Light</name>
		<pose>Unspecified</pose>
		<truncated>0</truncated>
		<difficult>0</difficult>
		<occluded>0</occluded>
		<bndbox>
			<xmin>266</xmin>
			<xmax>317</xmax>
			<ymin>256</ymin>
			<ymax>346</ymax>
		</bndbox>
	</object>
</annotation>
