<annotation>
	<folder></folder>
	<filename>United_States_004768_jpg.rf.e3a4e3e3dd6f5c35a808452cce0e9b31.jpg</filename>
	<path>United_States_004768_jpg.rf.e3a4e3e3dd6f5c35a808452cce0e9b31.jpg</path>
	<source>
		<database>roboflow.com</database>
	</source>
	<size>
		<width>640</width>
		<height>640</height>
		<depth>3</depth>
	</size>
	<segmented>0</segmented>
	<object>
		<name>DamagedRoad</name>
		<pose>Unspecified</pose>
		<truncated>0</truncated>
		<difficult>0</difficult>
		<occluded>0</occluded>
		<bndbox>
			<xmin>256</xmin>
			<xmax>373</xmax>
			<ymin>530</ymin>
			<ymax>638</ymax>
		</bndbox>
		<polygon>
			<x1>255.249977</x1>
			<y1>529.000001</y1>
			<x2>275.632225</x2>
			<y2>636.577484</y2>
			<x3>371.616273</x3>
			<y3>635.578044</y3>
			<x4>255.249977</x4>
			<y4>529.000001</y4>
		</polygon>
	</object>
	<object>
		<name>DamagedRoad</name>
		<pose>Unspecified</pose>
		<truncated>0</truncated>
		<difficult>0</difficult>
		<occluded>0</occluded>
		<bndbox>
			<xmin>4</xmin>
			<xmax>87</xmax>
			<ymin>486</ymin>
			<ymax>602</ymax>
		</bndbox>
		<polygon>
			<x1>3.978631</x1>
			<y1>562.913765</y1>
			<x2>3.047568</x2>
			<y2>600.687587</y2>
			<x3>86.200212</x3>
			<y3>504.739096</y3>
			<x4>72.854731</x4>
			<y4>485.241523</y4>
			<x5>3.978631</x5>
			<y5>562.913765</y5>
		</polygon>
	</object>
	<object>
		<name>Street Light</name>
		<pose>Unspecified</pose>
		<truncated>0</truncated>
		<difficult>0</difficult>
		<occluded>0</occluded>
		<bndbox>
			<xmin>523</xmin>
			<xmax>576</xmax>
			<ymin>209</ymin>
			<ymax>369</ymax>
		</bndbox>
	</object>
</annotation>
