<annotation>
	<folder></folder>
	<filename>India_000075_jpg.rf.45cedb1702b1e2601c60aa36b178a144.jpg</filename>
	<path>India_000075_jpg.rf.45cedb1702b1e2601c60aa36b178a144.jpg</path>
	<source>
		<database>roboflow.com</database>
	</source>
	<size>
		<width>640</width>
		<height>640</height>
		<depth>3</depth>
	</size>
	<segmented>0</segmented>
	<object>
		<name>Street Light</name>
		<pose>Unspecified</pose>
		<truncated>0</truncated>
		<difficult>0</difficult>
		<occluded>0</occluded>
		<bndbox>
			<xmin>368</xmin>
			<xmax>407</xmax>
			<ymin>182</ymin>
			<ymax>365</ymax>
		</bndbox>
	</object>
	<object>
		<name>Street Light</name>
		<pose>Unspecified</pose>
		<truncated>0</truncated>
		<difficult>0</difficult>
		<occluded>0</occluded>
		<bndbox>
			<xmin>329</xmin>
			<xmax>362</xmax>
			<ymin>238</ymin>
			<ymax>352</ymax>
		</bndbox>
	</object>
</annotation>
