<annotation>
	<folder></folder>
	<filename>India_000113_jpg.rf.077d84331e48ccf22fa472b2ca8fdd70.jpg</filename>
	<path>India_000113_jpg.rf.077d84331e48ccf22fa472b2ca8fdd70.jpg</path>
	<source>
		<database>roboflow.com</database>
	</source>
	<size>
		<width>640</width>
		<height>640</height>
		<depth>3</depth>
	</size>
	<segmented>0</segmented>
	<object>
		<name>Street Light</name>
		<pose>Unspecified</pose>
		<truncated>0</truncated>
		<difficult>0</difficult>
		<occluded>0</occluded>
		<bndbox>
			<xmin>379</xmin>
			<xmax>414</xmax>
			<ymin>215</ymin>
			<ymax>419</ymax>
		</bndbox>
	</object>
	<object>
		<name>Street Light</name>
		<pose>Unspecified</pose>
		<truncated>0</truncated>
		<difficult>0</difficult>
		<occluded>0</occluded>
		<bndbox>
			<xmin>356</xmin>
			<xmax>376</xmax>
			<ymin>287</ymin>
			<ymax>407</ymax>
		</bndbox>
	</object>
</annotation>
