<annotation>
	<folder></folder>
	<filename>India_000033_jpg.rf.955388d3ecbf616563ce3ac391573f10.jpg</filename>
	<path>India_000033_jpg.rf.955388d3ecbf616563ce3ac391573f10.jpg</path>
	<source>
		<database>roboflow.com</database>
	</source>
	<size>
		<width>640</width>
		<height>640</height>
		<depth>3</depth>
	</size>
	<segmented>0</segmented>
	<object>
		<name>DamagedRoad</name>
		<pose>Unspecified</pose>
		<truncated>0</truncated>
		<difficult>0</difficult>
		<occluded>0</occluded>
		<bndbox>
			<xmin>240</xmin>
			<xmax>376</xmax>
			<ymin>426</ymin>
			<ymax>552</ymax>
		</bndbox>
		<polygon>
			<x1>375.490648</x1>
			<y1>433.54378</y1>
			<x2>305.401836</x2>
			<y2>424.564461</y2>
			<x3>239.327393</x3>
			<y3>538.5055</y3>
			<x4>321.296324</x4>
			<y4>551.033207</y4>
			<x5>375.490648</x5>
			<y5>433.54378</y5>
		</polygon>
	</object>
	<object>
		<name>Street Light</name>
		<pose>Unspecified</pose>
		<truncated>0</truncated>
		<difficult>0</difficult>
		<occluded>0</occluded>
		<bndbox>
			<xmin>423</xmin>
			<xmax>463</xmax>
			<ymin>142</ymin>
			<ymax>374</ymax>
		</bndbox>
	</object>
</annotation>
