<annotation>
	<folder></folder>
	<filename>India_000283_jpg.rf.33d2172f293e4cf0bd79818ec2f3786c.jpg</filename>
	<path>India_000283_jpg.rf.33d2172f293e4cf0bd79818ec2f3786c.jpg</path>
	<source>
		<database>roboflow.com</database>
	</source>
	<size>
		<width>640</width>
		<height>640</height>
		<depth>3</depth>
	</size>
	<segmented>0</segmented>
	<object>
		<name>Street Light</name>
		<pose>Unspecified</pose>
		<truncated>0</truncated>
		<difficult>0</difficult>
		<occluded>0</occluded>
		<bndbox>
			<xmin>418</xmin>
			<xmax>475</xmax>
			<ymin>74</ymin>
			<ymax>356</ymax>
		</bndbox>
	</object>
	<object>
		<name>Street Light</name>
		<pose>Unspecified</pose>
		<truncated>0</truncated>
		<difficult>0</difficult>
		<occluded>0</occluded>
		<bndbox>
			<xmin>369</xmin>
			<xmax>401</xmax>
			<ymin>230</ymin>
			<ymax>356</ymax>
		</bndbox>
	</object>
</annotation>
