<annotation>
	<folder></folder>
	<filename>India_000052_jpg.rf.4d33fff8727d700fe569707d14ba9ba7.jpg</filename>
	<path>India_000052_jpg.rf.4d33fff8727d700fe569707d14ba9ba7.jpg</path>
	<source>
		<database>roboflow.com</database>
	</source>
	<size>
		<width>640</width>
		<height>640</height>
		<depth>3</depth>
	</size>
	<segmented>0</segmented>
	<object>
		<name>DamagedRoad</name>
		<pose>Unspecified</pose>
		<truncated>0</truncated>
		<difficult>0</difficult>
		<occluded>0</occluded>
		<bndbox>
			<xmin>194</xmin>
			<xmax>635</xmax>
			<ymin>407</ymin>
			<ymax>565</ymax>
		</bndbox>
		<polygon>
			<x1>590.812096</x1>
			<y1>460.87559</y1>
			<x2>504.477225</x2>
			<y2>427.370126</y2>
			<x3>336.885925</x3>
			<y3>406.048351</y3>
			<x4>193.269818</x4>
			<y4>459.174606</y4>
			<x5>573.544998</x5>
			<y5>564.438244</y5>
			<x6>634.48726</x6>
			<y6>537.024566</y6>
			<x7>590.812096</x7>
			<y7>460.87559</y7>
		</polygon>
	</object>
	<object>
		<name>Street Light</name>
		<pose>Unspecified</pose>
		<truncated>0</truncated>
		<difficult>0</difficult>
		<occluded>0</occluded>
		<bndbox>
			<xmin>445</xmin>
			<xmax>497</xmax>
			<ymin>200</ymin>
			<ymax>403</ymax>
		</bndbox>
	</object>
</annotation>
