<annotation>
	<folder></folder>
	<filename>India_000013_jpg.rf.904a14ee4d1a5d1b94e8cc56176d5504.jpg</filename>
	<path>India_000013_jpg.rf.904a14ee4d1a5d1b94e8cc56176d5504.jpg</path>
	<source>
		<database>roboflow.com</database>
	</source>
	<size>
		<width>640</width>
		<height>640</height>
		<depth>3</depth>
	</size>
	<segmented>0</segmented>
	<object>
		<name>Street Light</name>
		<pose>Unspecified</pose>
		<truncated>0</truncated>
		<difficult>0</difficult>
		<occluded>0</occluded>
		<bndbox>
			<xmin>459</xmin>
			<xmax>498</xmax>
			<ymin>187</ymin>
			<ymax>362</ymax>
		</bndbox>
	</object>
</annotation>
