<annotation>
	<folder></folder>
	<filename>United_States_004771_jpg.rf.1ab9219b4920d1bbe69776837a99812b.jpg</filename>
	<path>United_States_004771_jpg.rf.1ab9219b4920d1bbe69776837a99812b.jpg</path>
	<source>
		<database>roboflow.com</database>
	</source>
	<size>
		<width>640</width>
		<height>640</height>
		<depth>3</depth>
	</size>
	<segmented>0</segmented>
	<object>
		<name>DamagedRoad</name>
		<pose>Unspecified</pose>
		<truncated>0</truncated>
		<difficult>0</difficult>
		<occluded>0</occluded>
		<bndbox>
			<xmin>164</xmin>
			<xmax>458</xmax>
			<ymin>448</ymin>
			<ymax>529</ymax>
		</bndbox>
		<polygon>
			<x1>162.811867</x1>
			<y1>495.94282</y1>
			<x2>171.520866</x2>
			<y2>527.760137</y2>
			<x3>456.746189</x3>
			<y3>469.611242</y3>
			<x4>432.351956</x4>
			<y4>447.101943</y4>
			<x5>162.811867</x5>
			<y5>495.94282</y5>
		</polygon>
	</object>
	<object>
		<name>DamagedRoad</name>
		<pose>Unspecified</pose>
		<truncated>0</truncated>
		<difficult>0</difficult>
		<occluded>0</occluded>
		<bndbox>
			<xmin>215</xmin>
			<xmax>279</xmax>
			<ymin>386</ymin>
			<ymax>445</ymax>
		</bndbox>
		<polygon>
			<x1>259.265967</x1>
			<y1>410.14113</y1>
			<x2>278.005038</x2>
			<y2>391.14532</y2>
			<x3>252.161586</x3>
			<y3>384.808753</y3>
			<x4>214.133814</x4>
			<y4>429.400776</y4>
			<x5>236.303991</x5>
			<y5>444.439116</y5>
			<x6>265.072433</x6>
			<y6>421.749683</y6>
			<x7>259.265967</x7>
			<y7>410.14113</y7>
		</polygon>
	</object>
	<object>
		<name>Street Light</name>
		<pose>Unspecified</pose>
		<truncated>0</truncated>
		<difficult>0</difficult>
		<occluded>0</occluded>
		<bndbox>
			<xmin>236</xmin>
			<xmax>253</xmax>
			<ymin>277</ymin>
			<ymax>336</ymax>
		</bndbox>
	</object>
</annotation>
