<annotation>
	<folder></folder>
	<filename>United_States_004801_jpg.rf.5993f4a77280415ad417dedb00165d20.jpg</filename>
	<path>United_States_004801_jpg.rf.5993f4a77280415ad417dedb00165d20.jpg</path>
	<source>
		<database>roboflow.com</database>
	</source>
	<size>
		<width>640</width>
		<height>640</height>
		<depth>3</depth>
	</size>
	<segmented>0</segmented>
	<object>
		<name>DamagedRoad</name>
		<pose>Unspecified</pose>
		<truncated>0</truncated>
		<difficult>0</difficult>
		<occluded>0</occluded>
		<bndbox>
			<xmin>482</xmin>
			<xmax>637</xmax>
			<ymin>507</ymin>
			<ymax>641</ymax>
		</bndbox>
		<polygon>
			<x1>563.584445</x1>
			<y1>639.575804</y1>
			<x2>635.572462</x2>
			<y2>589.603039</y2>
			<x3>481.499977</x3>
			<y3>505.750003</y3>
			<x4>563.584445</x4>
			<y4>639.575804</y4>
		</polygon>
	</object>
	<object>
		<name>Street Light</name>
		<pose>Unspecified</pose>
		<truncated>0</truncated>
		<difficult>0</difficult>
		<occluded>0</occluded>
		<bndbox>
			<xmin>328</xmin>
			<xmax>405</xmax>
			<ymin>137</ymin>
			<ymax>406</ymax>
		</bndbox>
	</object>
	<object>
		<name>DamagedRoad</name>
		<pose>Unspecified</pose>
		<truncated>0</truncated>
		<difficult>0</difficult>
		<occluded>0</occluded>
		<bndbox>
			<xmin>205</xmin>
			<xmax>263</xmax>
			<ymin>493</ymin>
			<ymax>513</ymax>
		</bndbox>
	</object>
</annotation>
