<annotation>
	<folder></folder>
	<filename>United_States_004785_jpg.rf.da237276e190efc3b6b678b9bf323f64.jpg</filename>
	<path>United_States_004785_jpg.rf.da237276e190efc3b6b678b9bf323f64.jpg</path>
	<source>
		<database>roboflow.com</database>
	</source>
	<size>
		<width>640</width>
		<height>640</height>
		<depth>3</depth>
	</size>
	<segmented>0</segmented>
	<object>
		<name>DamagedRoad</name>
		<pose>Unspecified</pose>
		<truncated>0</truncated>
		<difficult>0</difficult>
		<occluded>0</occluded>
		<bndbox>
			<xmin>35</xmin>
			<xmax>529</xmax>
			<ymin>463</ymin>
			<ymax>640</ymax>
		</bndbox>
		<polygon>
			<x1>488.596895</x1>
			<y1>638.576364</y1>
			<x2>527.59036</x2>
			<y2>633.579087</y2>
			<x3>375.615624</x3>
			<y3>463.671686</y3>
			<x4>274.632406</x4>
			<y4>461.672806</y4>
			<x5>33.999977</x5>
			<y5>505.250001</y5>
			<x6>56.668565</x6>
			<y6>527.63684</y6>
			<x7>345.620604</x7>
			<y7>491.656465</y7>
			<x8>488.596895</x8>
			<y8>638.576364</y8>
		</polygon>
	</object>
	<object>
		<name>DamagedRoad</name>
		<pose>Unspecified</pose>
		<truncated>0</truncated>
		<difficult>0</difficult>
		<occluded>0</occluded>
		<bndbox>
			<xmin>303</xmin>
			<xmax>375</xmax>
			<ymin>389</ymin>
			<ymax>458</ymax>
		</bndbox>
		<polygon>
			<x1>302.397296</x1>
			<y1>457.458217</y1>
			<x2>373.589549</x2>
			<y2>456.83397</y2>
			<x3>314.016152</x3>
			<y3>388.187067</y3>
			<x4>302.397296</x4>
			<y4>457.458217</y4>
		</polygon>
	</object>
	<object>
		<name>Street Light</name>
		<pose>Unspecified</pose>
		<truncated>0</truncated>
		<difficult>0</difficult>
		<occluded>0</occluded>
		<bndbox>
			<xmin>341</xmin>
			<xmax>363</xmax>
			<ymin>276</ymin>
			<ymax>342</ymax>
		</bndbox>
	</object>
	<object>
		<name>Street Light</name>
		<pose>Unspecified</pose>
		<truncated>0</truncated>
		<difficult>0</difficult>
		<occluded>0</occluded>
		<bndbox>
			<xmin>216</xmin>
			<xmax>232</xmax>
			<ymin>286</ymin>
			<ymax>333</ymax>
		</bndbox>
	</object>
</annotation>
