<annotation>
	<folder></folder>
	<filename>United_States_004804_jpg.rf.fafa56d69535d4130064ba97198f8569.jpg</filename>
	<path>United_States_004804_jpg.rf.fafa56d69535d4130064ba97198f8569.jpg</path>
	<source>
		<database>roboflow.com</database>
	</source>
	<size>
		<width>640</width>
		<height>640</height>
		<depth>3</depth>
	</size>
	<segmented>0</segmented>
	<object>
		<name>Street Light</name>
		<pose>Unspecified</pose>
		<truncated>0</truncated>
		<difficult>0</difficult>
		<occluded>0</occluded>
		<bndbox>
			<xmin>426</xmin>
			<xmax>485</xmax>
			<ymin>144</ymin>
			<ymax>381</ymax>
		</bndbox>
	</object>
	<object>
		<name>DamagedRoad</name>
		<pose>Unspecified</pose>
		<truncated>0</truncated>
		<difficult>0</difficult>
		<occluded>0</occluded>
		<bndbox>
			<xmin>57</xmin>
			<xmax>184</xmax>
			<ymin>398</ymin>
			<ymax>467</ymax>
		</bndbox>
	</object>
	<object>
		<name>Street Light</name>
		<pose>Unspecified</pose>
		<truncated>0</truncated>
		<difficult>0</difficult>
		<occluded>0</occluded>
		<bndbox>
			<xmin>138</xmin>
			<xmax>163</xmax>
			<ymin>242</ymin>
			<ymax>332</ymax>
		</bndbox>
	</object>
</annotation>
