<annotation>
	<folder></folder>
	<filename>United_States_000170_jpg.rf.699df94a83e1b6e13c633209876ec007.jpg</filename>
	<path>United_States_000170_jpg.rf.699df94a83e1b6e13c633209876ec007.jpg</path>
	<source>
		<database>roboflow.com</database>
	</source>
	<size>
		<width>640</width>
		<height>640</height>
		<depth>3</depth>
	</size>
	<segmented>0</segmented>
	<object>
		<name>DamagedRoad</name>
		<pose>Unspecified</pose>
		<truncated>0</truncated>
		<difficult>0</difficult>
		<occluded>0</occluded>
		<bndbox>
			<xmin>94</xmin>
			<xmax>279</xmax>
			<ymin>378</ymin>
			<ymax>641</ymax>
		</bndbox>
		<polygon>
			<x1>185.647165</x1>
			<y1>376.719067</y1>
			<x2>92.749977</x2>
			<y2>634.000001</y2>
			<x3>207.643483</x3>
			<y3>640</y3>
			<x4>277.631862</x4>
			<y4>393.709814</y4>
			<x5>185.647165</x5>
			<y5>376.719067</y5>
		</polygon>
	</object>
	<object>
		<name>DamagedRoad</name>
		<pose>Unspecified</pose>
		<truncated>0</truncated>
		<difficult>0</difficult>
		<occluded>0</occluded>
		<bndbox>
			<xmin>424</xmin>
			<xmax>637</xmax>
			<ymin>444</ymin>
			<ymax>619</ymax>
		</bndbox>
		<polygon>
			<x1>621.574847</x1>
			<y1>504.649338</y1>
			<x2>437.749977</x2>
			<y2>442.750001</y2>
			<x3>422.607791</x3>
			<y3>568.614493</y3>
			<x4>612.576249</x4>
			<y4>617.587818</y4>
			<x5>635.572462</x5>
			<y5>570.613449</y5>
			<x6>621.574847</x6>
			<y6>504.649338</y6>
		</polygon>
	</object>
	<object>
		<name>DamagedRoad</name>
		<pose>Unspecified</pose>
		<truncated>0</truncated>
		<difficult>0</difficult>
		<occluded>0</occluded>
		<bndbox>
			<xmin>4</xmin>
			<xmax>38</xmax>
			<ymin>425</ymin>
			<ymax>482</ymax>
		</bndbox>
		<polygon>
			<x1>2.677514</x1>
			<y1>480.662472</y1>
			<x2>36.671885</x2>
			<y2>461.672806</y2>
			<x3>3.999977</x3>
			<y3>424.000001</y3>
			<x4>2.677514</x4>
			<y4>480.662472</y4>
		</polygon>
	</object>
	<object>
		<name>Street Light</name>
		<pose>Unspecified</pose>
		<truncated>0</truncated>
		<difficult>0</difficult>
		<occluded>0</occluded>
		<bndbox>
			<xmin>69</xmin>
			<xmax>117</xmax>
			<ymin>221</ymin>
			<ymax>354</ymax>
		</bndbox>
	</object>
</annotation>
