<annotation>
	<folder></folder>
	<filename>United_States_004802_jpg.rf.bfaf247edab620ed7a30957e0c9d9053.jpg</filename>
	<path>United_States_004802_jpg.rf.bfaf247edab620ed7a30957e0c9d9053.jpg</path>
	<source>
		<database>roboflow.com</database>
	</source>
	<size>
		<width>640</width>
		<height>640</height>
		<depth>3</depth>
	</size>
	<segmented>0</segmented>
	<object>
		<name>DamagedRoad</name>
		<pose>Unspecified</pose>
		<truncated>0</truncated>
		<difficult>0</difficult>
		<occluded>0</occluded>
		<bndbox>
			<xmin>419</xmin>
			<xmax>605</xmax>
			<ymin>469</ymin>
			<ymax>639</ymax>
		</bndbox>
		<polygon>
			<x1>417.749977</x1>
			<y1>468.250003</y1>
			<x2>439.604938</x2>
			<y2>521.640124</y2>
			<x3>567.58372</x3>
			<y3>637.576924</y3>
			<x4>603.577805</x4>
			<y4>612.590541</y4>
			<x5>417.749977</x5>
			<y5>468.250003</y5>
		</polygon>
	</object>
	<object>
		<name>DamagedRoad</name>
		<pose>Unspecified</pose>
		<truncated>0</truncated>
		<difficult>0</difficult>
		<occluded>0</occluded>
		<bndbox>
			<xmin>410</xmin>
			<xmax>629</xmax>
			<ymin>406</ymin>
			<ymax>539</ymax>
		</bndbox>
		<polygon>
			<x1>610.576612</x1>
			<y1>537.631394</y1>
			<x2>627.573759</x2>
			<y2>495.654301</y2>
			<x3>408.999977</x3>
			<y3>404.500003</y3>
			<x4>610.576612</x4>
			<y4>537.631394</y4>
		</polygon>
	</object>
</annotation>
