<annotation>
	<folder></folder>
	<filename>United_States_004780_jpg.rf.028b86636da7890998ffa05cdba6bf15.jpg</filename>
	<path>United_States_004780_jpg.rf.028b86636da7890998ffa05cdba6bf15.jpg</path>
	<source>
		<database>roboflow.com</database>
	</source>
	<size>
		<width>640</width>
		<height>640</height>
		<depth>3</depth>
	</size>
	<segmented>0</segmented>
	<object>
		<name>Street Light</name>
		<pose>Unspecified</pose>
		<truncated>0</truncated>
		<difficult>0</difficult>
		<occluded>0</occluded>
		<bndbox>
			<xmin>119</xmin>
			<xmax>217</xmax>
			<ymin>323</ymin>
			<ymax>458</ymax>
		</bndbox>
	</object>
	<object>
		<name>DamagedRoad</name>
		<pose>Unspecified</pose>
		<truncated>0</truncated>
		<difficult>0</difficult>
		<occluded>0</occluded>
		<bndbox>
			<xmin>306</xmin>
			<xmax>633</xmax>
			<ymin>515</ymin>
			<ymax>639</ymax>
		</bndbox>
		<polygon>
			<x1>631.573187</x1>
			<y1>576.610166</y1>
			<x2>362.749977</x2>
			<y2>514.000001</y2>
			<x3>304.627426</x3>
			<y3>539.630274</y3>
			<x4>439.604938</x4>
			<y4>637.576924</y4>
			<x5>631.573187</x5>
			<y5>576.610166</y5>
		</polygon>
	</object>
	<object>
		<name>DamagedRoad</name>
		<pose>Unspecified</pose>
		<truncated>0</truncated>
		<difficult>0</difficult>
		<occluded>0</occluded>
		<bndbox>
			<xmin>93</xmin>
			<xmax>186</xmax>
			<ymin>488</ymin>
			<ymax>640</ymax>
		</bndbox>
		<polygon>
			<x1>91.662755</x1>
			<y1>638.576364</y1>
			<x2>159.651497</x2>
			<y2>637.576924</y2>
			<x3>185.249977</x3>
			<y3>486.500001</y3>
			<x4>91.662755</x4>
			<y4>638.576364</y4>
		</polygon>
	</object>
	<object>
		<name>DamagedRoad</name>
		<pose>Unspecified</pose>
		<truncated>0</truncated>
		<difficult>0</difficult>
		<occluded>0</occluded>
		<bndbox>
			<xmin>289</xmin>
			<xmax>383</xmax>
			<ymin>604</ymin>
			<ymax>640</ymax>
		</bndbox>
	</object>
</annotation>
