<annotation>
	<folder></folder>
	<filename>United_States_004770_jpg.rf.3378a9a89a81f271e0d09c7440368fc6.jpg</filename>
	<path>United_States_004770_jpg.rf.3378a9a89a81f271e0d09c7440368fc6.jpg</path>
	<source>
		<database>roboflow.com</database>
	</source>
	<size>
		<width>640</width>
		<height>640</height>
		<depth>3</depth>
	</size>
	<segmented>0</segmented>
	<object>
		<name>DamagedRoad</name>
		<pose>Unspecified</pose>
		<truncated>0</truncated>
		<difficult>0</difficult>
		<occluded>0</occluded>
		<bndbox>
			<xmin>39</xmin>
			<xmax>431</xmax>
			<ymin>415</ymin>
			<ymax>641</ymax>
		</bndbox>
	</object>
	<object>
		<name>Street Light</name>
		<pose>Unspecified</pose>
		<truncated>0</truncated>
		<difficult>0</difficult>
		<occluded>0</occluded>
		<bndbox>
			<xmin>252</xmin>
			<xmax>301</xmax>
			<ymin>245</ymin>
			<ymax>341</ymax>
		</bndbox>
	</object>
</annotation>
