<annotation>
	<folder></folder>
	<filename>United_States_000137_jpg.rf.6f7bbaeee9e1b22a78b6b7c0074b283c.jpg</filename>
	<path>United_States_000137_jpg.rf.6f7bbaeee9e1b22a78b6b7c0074b283c.jpg</path>
	<source>
		<database>roboflow.com</database>
	</source>
	<size>
		<width>640</width>
		<height>640</height>
		<depth>3</depth>
	</size>
	<segmented>0</segmented>
	<object>
		<name>DamagedRoad</name>
		<pose>Unspecified</pose>
		<truncated>0</truncated>
		<difficult>0</difficult>
		<occluded>0</occluded>
		<bndbox>
			<xmin>52</xmin>
			<xmax>641</xmax>
			<ymin>411</ymin>
			<ymax>637</ymax>
		</bndbox>
	</object>
	<object>
		<name>Street Light</name>
		<pose>Unspecified</pose>
		<truncated>0</truncated>
		<difficult>0</difficult>
		<occluded>0</occluded>
		<bndbox>
			<xmin>355</xmin>
			<xmax>393</xmax>
			<ymin>244</ymin>
			<ymax>345</ymax>
		</bndbox>
	</object>
	<object>
		<name>Street Light</name>
		<pose>Unspecified</pose>
		<truncated>0</truncated>
		<difficult>0</difficult>
		<occluded>0</occluded>
		<bndbox>
			<xmin>144</xmin>
			<xmax>202</xmax>
			<ymin>171</ymin>
			<ymax>365</ymax>
		</bndbox>
	</object>
</annotation>
