<annotation>
	<folder></folder>
	<filename>United_States_004765_jpg.rf.80904496e16c1eedd3a015a7544c3289.jpg</filename>
	<path>United_States_004765_jpg.rf.80904496e16c1eedd3a015a7544c3289.jpg</path>
	<source>
		<database>roboflow.com</database>
	</source>
	<size>
		<width>640</width>
		<height>640</height>
		<depth>3</depth>
	</size>
	<segmented>0</segmented>
	<object>
		<name>DamagedRoad</name>
		<pose>Unspecified</pose>
		<truncated>0</truncated>
		<difficult>0</difficult>
		<occluded>0</occluded>
		<bndbox>
			<xmin>5</xmin>
			<xmax>561</xmax>
			<ymin>480</ymin>
			<ymax>640</ymax>
		</bndbox>
	</object>
	<object>
		<name>Street Light</name>
		<pose>Unspecified</pose>
		<truncated>0</truncated>
		<difficult>0</difficult>
		<occluded>0</occluded>
		<bndbox>
			<xmin>410</xmin>
			<xmax>480</xmax>
			<ymin>135</ymin>
			<ymax>389</ymax>
		</bndbox>
	</object>
</annotation>
