<annotation>
	<folder></folder>
	<filename>United_States_000039_jpg.rf.f86a5ad59b099554e380f6f977a5fc61.jpg</filename>
	<path>United_States_000039_jpg.rf.f86a5ad59b099554e380f6f977a5fc61.jpg</path>
	<source>
		<database>roboflow.com</database>
	</source>
	<size>
		<width>640</width>
		<height>640</height>
		<depth>3</depth>
	</size>
	<segmented>0</segmented>
	<object>
		<name>DamagedRoad</name>
		<pose>Unspecified</pose>
		<truncated>0</truncated>
		<difficult>0</difficult>
		<occluded>0</occluded>
		<bndbox>
			<xmin>285</xmin>
			<xmax>641</xmax>
			<ymin>357</ymin>
			<ymax>608</ymax>
		</bndbox>
		<polygon>
			<x1>553.586105</x1>
			<y1>606.593825</y1>
			<x2>640</x2>
			<y2>522.639564</y2>
			<x3>575.582422</x3>
			<y3>355.730597</y3>
			<x4>416.499977</x4>
			<y4>357.750001</y4>
			<x5>283.630851</x5>
			<y5>552.623223</y5>
			<x6>489.596638</x6>
			<y6>596.599272</y6>
			<x7>553.586105</x7>
			<y7>606.593825</y7>
		</polygon>
	</object>
	<object>
		<name>Street Light</name>
		<pose>Unspecified</pose>
		<truncated>0</truncated>
		<difficult>0</difficult>
		<occluded>0</occluded>
		<bndbox>
			<xmin>554</xmin>
			<xmax>609</xmax>
			<ymin>219</ymin>
			<ymax>352</ymax>
		</bndbox>
	</object>
	<object>
		<name>Street Light</name>
		<pose>Unspecified</pose>
		<truncated>0</truncated>
		<difficult>0</difficult>
		<occluded>0</occluded>
		<bndbox>
			<xmin>344</xmin>
			<xmax>415</xmax>
			<ymin>133</ymin>
			<ymax>357</ymax>
		</bndbox>
	</object>
</annotation>
