<annotation>
	<folder></folder>
	<filename>United_States_000015_jpg.rf.817e40d5a709f94793998f019d37c985.jpg</filename>
	<path>United_States_000015_jpg.rf.817e40d5a709f94793998f019d37c985.jpg</path>
	<source>
		<database>roboflow.com</database>
	</source>
	<size>
		<width>640</width>
		<height>640</height>
		<depth>3</depth>
	</size>
	<segmented>0</segmented>
	<object>
		<name>DamagedRoad</name>
		<pose>Unspecified</pose>
		<truncated>0</truncated>
		<difficult>0</difficult>
		<occluded>0</occluded>
		<bndbox>
			<xmin>147</xmin>
			<xmax>617</xmax>
			<ymin>464</ymin>
			<ymax>505</ymax>
		</bndbox>
		<polygon>
			<x1>168.999977</x1>
			<y1>471.500001</y1>
			<x2>145.653806</x2>
			<y2>503.649898</y2>
			<x3>615.575782</x3>
			<y3>489.657508</y3>
			<x4>571.583147</x4>
			<y4>462.672246</y4>
			<x5>168.999977</x5>
			<y5>471.500001</y5>
		</polygon>
	</object>
	<object>
		<name>DamagedRoad</name>
		<pose>Unspecified</pose>
		<truncated>0</truncated>
		<difficult>0</difficult>
		<occluded>0</occluded>
		<bndbox>
			<xmin>399</xmin>
			<xmax>527</xmax>
			<ymin>505</ymin>
			<ymax>641</ymax>
		</bndbox>
		<polygon>
			<x1>450.603173</x1>
			<y1>503.649898</y1>
			<x2>397.749977</x2>
			<y2>507.750001</y2>
			<x3>478.598556</x3>
			<y3>640</y3>
			<x4>525.590723</x4>
			<y4>633.579087</y4>
			<x5>450.603173</x5>
			<y5>503.649898</y5>
		</polygon>
	</object>
	<object>
		<name>Street Light</name>
		<pose>Unspecified</pose>
		<truncated>0</truncated>
		<difficult>0</difficult>
		<occluded>0</occluded>
		<bndbox>
			<xmin>386</xmin>
			<xmax>477</xmax>
			<ymin>159</ymin>
			<ymax>390</ymax>
		</bndbox>
	</object>
</annotation>
