<annotation>
	<folder></folder>
	<filename>United_States_004786_jpg.rf.5e9a1103828203d0933031c4c69deb61.jpg</filename>
	<path>United_States_004786_jpg.rf.5e9a1103828203d0933031c4c69deb61.jpg</path>
	<source>
		<database>roboflow.com</database>
	</source>
	<size>
		<width>640</width>
		<height>640</height>
		<depth>3</depth>
	</size>
	<segmented>0</segmented>
	<object>
		<name>DamagedRoad</name>
		<pose>Unspecified</pose>
		<truncated>0</truncated>
		<difficult>0</difficult>
		<occluded>0</occluded>
		<bndbox>
			<xmin>31</xmin>
			<xmax>311</xmax>
			<ymin>370</ymin>
			<ymax>641</ymax>
		</bndbox>
		<polygon>
			<x1>309.626596</x1>
			<y1>466.670082</y1>
			<x2>261.634534</x2>
			<y2>373.720708</y2>
			<x3>252.749977</x3>
			<y3>369.000001</y3>
			<x4>29.673078</x4>
			<y4>494.654785</y4>
			<x5>202.644313</x5>
			<y5>636.577484</y5>
			<x6>264.634066</x6>
			<y6>639.575804</y6>
			<x7>309.626596</x7>
			<y7>466.670082</y7>
		</polygon>
	</object>
	<object>
		<name>Street Light</name>
		<pose>Unspecified</pose>
		<truncated>0</truncated>
		<difficult>0</difficult>
		<occluded>0</occluded>
		<bndbox>
			<xmin>358</xmin>
			<xmax>410</xmax>
			<ymin>179</ymin>
			<ymax>329</ymax>
		</bndbox>
	</object>
</annotation>
