<annotation>
	<folder></folder>
	<filename>United_States_000018_jpg.rf.169fa7a4ac97a0ebd159779b91887ab6.jpg</filename>
	<path>United_States_000018_jpg.rf.169fa7a4ac97a0ebd159779b91887ab6.jpg</path>
	<source>
		<database>roboflow.com</database>
	</source>
	<size>
		<width>640</width>
		<height>640</height>
		<depth>3</depth>
	</size>
	<segmented>0</segmented>
	<object>
		<name>DamagedRoad</name>
		<pose>Unspecified</pose>
		<truncated>0</truncated>
		<difficult>0</difficult>
		<occluded>0</occluded>
		<bndbox>
			<xmin>15</xmin>
			<xmax>592</xmax>
			<ymin>533</ymin>
			<ymax>628</ymax>
		</bndbox>
		<polygon>
			<x1>568.583615</x1>
			<y1>531.634677</y1>
			<x2>13.999977</x2>
			<y2>574.000001</y2>
			<x3>14.675568</x3>
			<y3>616.588378</y3>
			<x4>156.651964</x4>
			<y4>626.582931</y4>
			<x5>590.579932</x5>
			<y5>570.613449</y5>
			<x6>568.583615</x6>
			<y6>531.634677</y6>
		</polygon>
	</object>
	<object>
		<name>DamagedRoad</name>
		<pose>Unspecified</pose>
		<truncated>0</truncated>
		<difficult>0</difficult>
		<occluded>0</occluded>
		<bndbox>
			<xmin>8</xmin>
			<xmax>224</xmax>
			<ymin>368</ymin>
			<ymax>558</ymax>
		</bndbox>
		<polygon>
			<x1>222.640993</x1>
			<y1>380.716979</y1>
			<x2>147.749977</x2>
			<y2>366.500001</y2>
			<x3>6.676866</x3>
			<y3>512.645011</y3>
			<x4>18.674843</x4>
			<y4>556.62106</y4>
			<x5>222.640993</x5>
			<y5>380.716979</y5>
		</polygon>
	</object>
	<object>
		<name>DamagedRoad</name>
		<pose>Unspecified</pose>
		<truncated>0</truncated>
		<difficult>0</difficult>
		<occluded>0</occluded>
		<bndbox>
			<xmin>302</xmin>
			<xmax>347</xmax>
			<ymin>415</ymin>
			<ymax>484</ymax>
		</bndbox>
		<polygon>
			<x1>332.622732</x1>
			<y1>413.69892</y1>
			<x2>301.499977</x2>
			<y2>416.500001</y2>
			<x3>320.624754</x3>
			<y3>482.661352</y3>
			<x4>345.620604</x4>
			<y4>477.664075</y4>
			<x5>332.622732</x5>
			<y5>413.69892</y5>
		</polygon>
	</object>
	<object>
		<name>DamagedRoad</name>
		<pose>Unspecified</pose>
		<truncated>0</truncated>
		<difficult>0</difficult>
		<occluded>0</occluded>
		<bndbox>
			<xmin>389</xmin>
			<xmax>454</xmax>
			<ymin>415</ymin>
			<ymax>493</ymax>
		</bndbox>
		<polygon>
			<x1>410.609814</x1>
			<y1>413.69892</y1>
			<x2>387.749977</x2>
			<y2>424.000001</y2>
			<x3>430.606493</x3>
			<y3>491.656465</y3>
			<x4>452.602811</x4>
			<y4>481.661912</y4>
			<x5>410.609814</x5>
			<y5>413.69892</y5>
		</polygon>
	</object>
	<object>
		<name>Street Light</name>
		<pose>Unspecified</pose>
		<truncated>0</truncated>
		<difficult>0</difficult>
		<occluded>0</occluded>
		<bndbox>
			<xmin>364</xmin>
			<xmax>420</xmax>
			<ymin>205</ymin>
			<ymax>359</ymax>
		</bndbox>
	</object>
	<object>
		<name>Street Light</name>
		<pose>Unspecified</pose>
		<truncated>0</truncated>
		<difficult>0</difficult>
		<occluded>0</occluded>
		<bndbox>
			<xmin>88</xmin>
			<xmax>134</xmax>
			<ymin>220</ymin>
			<ymax>344</ymax>
		</bndbox>
	</object>
</annotation>
