<annotation>
	<folder></folder>
	<filename>United_States_000022_jpg.rf.45133377d662bc189a84d8e829e2d93e.jpg</filename>
	<path>United_States_000022_jpg.rf.45133377d662bc189a84d8e829e2d93e.jpg</path>
	<source>
		<database>roboflow.com</database>
	</source>
	<size>
		<width>640</width>
		<height>640</height>
		<depth>3</depth>
	</size>
	<segmented>0</segmented>
	<object>
		<name>DamagedRoad</name>
		<pose>Unspecified</pose>
		<truncated>0</truncated>
		<difficult>0</difficult>
		<occluded>0</occluded>
		<bndbox>
			<xmin>1</xmin>
			<xmax>331</xmax>
			<ymin>450</ymin>
			<ymax>616</ymax>
		</bndbox>
	</object>
	<object>
		<name>Street Light</name>
		<pose>Unspecified</pose>
		<truncated>0</truncated>
		<difficult>0</difficult>
		<occluded>0</occluded>
		<bndbox>
			<xmin>9</xmin>
			<xmax>71</xmax>
			<ymin>185</ymin>
			<ymax>347</ymax>
		</bndbox>
	</object>
</annotation>
