<annotation>
	<folder></folder>
	<filename>United_States_004799_jpg.rf.01dc5baa9acda11df1316cdbe8102147.jpg</filename>
	<path>United_States_004799_jpg.rf.01dc5baa9acda11df1316cdbe8102147.jpg</path>
	<source>
		<database>roboflow.com</database>
	</source>
	<size>
		<width>640</width>
		<height>640</height>
		<depth>3</depth>
	</size>
	<segmented>0</segmented>
	<object>
		<name>DamagedRoad</name>
		<pose>Unspecified</pose>
		<truncated>0</truncated>
		<difficult>0</difficult>
		<occluded>0</occluded>
		<bndbox>
			<xmin>468</xmin>
			<xmax>499</xmax>
			<ymin>384</ymin>
			<ymax>433</ymax>
		</bndbox>
	</object>
	<object>
		<name>Street Light</name>
		<pose>Unspecified</pose>
		<truncated>0</truncated>
		<difficult>0</difficult>
		<occluded>0</occluded>
		<bndbox>
			<xmin>257</xmin>
			<xmax>314</xmax>
			<ymin>199</ymin>
			<ymax>348</ymax>
		</bndbox>
	</object>
	<object>
		<name>Street Light</name>
		<pose>Unspecified</pose>
		<truncated>0</truncated>
		<difficult>0</difficult>
		<occluded>0</occluded>
		<bndbox>
			<xmin>577</xmin>
			<xmax>604</xmax>
			<ymin>256</ymin>
			<ymax>328</ymax>
		</bndbox>
	</object>
</annotation>
