<annotation>
	<folder></folder>
	<filename>United_States_004775_jpg.rf.4c45a05e61503321b622017132cf9620.jpg</filename>
	<path>United_States_004775_jpg.rf.4c45a05e61503321b622017132cf9620.jpg</path>
	<source>
		<database>roboflow.com</database>
	</source>
	<size>
		<width>640</width>
		<height>640</height>
		<depth>3</depth>
	</size>
	<segmented>0</segmented>
	<object>
		<name>DamagedRoad</name>
		<pose>Unspecified</pose>
		<truncated>0</truncated>
		<difficult>0</difficult>
		<occluded>0</occluded>
		<bndbox>
			<xmin>287</xmin>
			<xmax>338</xmax>
			<ymin>530</ymin>
			<ymax>638</ymax>
		</bndbox>
		<polygon>
			<x1>285.994522</x1>
			<y1>529.255914</y1>
			<x2>287.662303</x2>
			<y2>636.963912</y2>
			<x3>337.316907</x3>
			<y3>636.963912</y3>
			<x4>307.870576</x4>
			<y4>537.115122</y4>
			<x5>285.994522</x5>
			<y5>529.255914</y5>
		</polygon>
	</object>
	<object>
		<name>Street Light</name>
		<pose>Unspecified</pose>
		<truncated>0</truncated>
		<difficult>0</difficult>
		<occluded>0</occluded>
		<bndbox>
			<xmin>153</xmin>
			<xmax>186</xmax>
			<ymin>365</ymin>
			<ymax>418</ymax>
		</bndbox>
	</object>
	<object>
		<name>DamagedRoad</name>
		<pose>Unspecified</pose>
		<truncated>0</truncated>
		<difficult>0</difficult>
		<occluded>0</occluded>
		<bndbox>
			<xmin>187</xmin>
			<xmax>220</xmax>
			<ymin>505</ymin>
			<ymax>622</ymax>
		</bndbox>
		<polygon>
			<x1>218.094259</x1>
			<y1>503.634351</y1>
			<x2>186.471503</x2>
			<y2>616.050807</y2>
			<x3>201.808915</x3>
			<y3>621.050244</y3>
			<x4>219.14688</x4>
			<y4>528.727297</y4>
			<x5>218.094259</x5>
			<y5>503.634351</y5>
		</polygon>
	</object>
</annotation>
