<annotation>
	<folder></folder>
	<filename>United_States_004787_jpg.rf.204023bb45cf103010ca4b7a0738ed83.jpg</filename>
	<path>United_States_004787_jpg.rf.204023bb45cf103010ca4b7a0738ed83.jpg</path>
	<source>
		<database>roboflow.com</database>
	</source>
	<size>
		<width>640</width>
		<height>640</height>
		<depth>3</depth>
	</size>
	<segmented>0</segmented>
	<object>
		<name>DamagedRoad</name>
		<pose>Unspecified</pose>
		<truncated>0</truncated>
		<difficult>0</difficult>
		<occluded>0</occluded>
		<bndbox>
			<xmin>87</xmin>
			<xmax>231</xmax>
			<ymin>431</ymin>
			<ymax>641</ymax>
		</bndbox>
		<polygon>
			<x1>85.663766</x1>
			<y1>640</y1>
			<x2>229.639876</x2>
			<y2>637.576924</y2>
			<x3>212.749977</x3>
			<y3>430.250001</y3>
			<x4>85.663766</x4>
			<y4>640</y4>
		</polygon>
	</object>
	<object>
		<name>DamagedRoad</name>
		<pose>Unspecified</pose>
		<truncated>0</truncated>
		<difficult>0</difficult>
		<occluded>0</occluded>
		<bndbox>
			<xmin>5</xmin>
			<xmax>133</xmax>
			<ymin>518</ymin>
			<ymax>547</ymax>
		</bndbox>
		<polygon>
			<x1>3.903718</x1>
			<y1>516.643858</y1>
			<x2>6.732258</x2>
			<y2>546.434494</y2>
			<x3>129.229042</x3>
			<y3>536.230314</y3>
			<x4>132.231414</x4>
			<y4>520.023618</y4>
			<x5>3.903718</x5>
			<y5>516.643858</y5>
		</polygon>
	</object>
	<object>
		<name>Street Light</name>
		<pose>Unspecified</pose>
		<truncated>0</truncated>
		<difficult>0</difficult>
		<occluded>0</occluded>
		<bndbox>
			<xmin>83</xmin>
			<xmax>152</xmax>
			<ymin>152</ymin>
			<ymax>367</ymax>
		</bndbox>
	</object>
</annotation>
