<annotation>
	<folder></folder>
	<filename>United_States_004772_jpg.rf.45113a54819fd8f5be0c9d4da0cb06b0.jpg</filename>
	<path>United_States_004772_jpg.rf.45113a54819fd8f5be0c9d4da0cb06b0.jpg</path>
	<source>
		<database>roboflow.com</database>
	</source>
	<size>
		<width>640</width>
		<height>640</height>
		<depth>3</depth>
	</size>
	<segmented>0</segmented>
	<object>
		<name>DamagedRoad</name>
		<pose>Unspecified</pose>
		<truncated>0</truncated>
		<difficult>0</difficult>
		<occluded>0</occluded>
		<bndbox>
			<xmin>17</xmin>
			<xmax>554</xmax>
			<ymin>467</ymin>
			<ymax>641</ymax>
		</bndbox>
	</object>
	<object>
		<name>Street Light</name>
		<pose>Unspecified</pose>
		<truncated>0</truncated>
		<difficult>0</difficult>
		<occluded>0</occluded>
		<bndbox>
			<xmin>332</xmin>
			<xmax>387</xmax>
			<ymin>234</ymin>
			<ymax>365</ymax>
		</bndbox>
	</object>
</annotation>
