<annotation>
	<folder></folder>
	<filename>United_States_000201_jpg.rf.5e13879f1d97543c1d9920e31794d95e.jpg</filename>
	<path>United_States_000201_jpg.rf.5e13879f1d97543c1d9920e31794d95e.jpg</path>
	<source>
		<database>roboflow.com</database>
	</source>
	<size>
		<width>640</width>
		<height>640</height>
		<depth>3</depth>
	</size>
	<segmented>0</segmented>
	<object>
		<name>DamagedRoad</name>
		<pose>Unspecified</pose>
		<truncated>0</truncated>
		<difficult>0</difficult>
		<occluded>0</occluded>
		<bndbox>
			<xmin>2</xmin>
			<xmax>454</xmax>
			<ymin>350</ymin>
			<ymax>641</ymax>
		</bndbox>
		<polygon>
			<x1>452.602811</x1>
			<y1>639.575804</y1>
			<x2>349.619955</x2>
			<y2>412.69948</y2>
			<x3>222.640993</x3>
			<y3>348.734326</y3>
			<x4>6.499977</x4>
			<y4>445.250001</y4>
			<x5>0.677877</x5>
			<y5>583.606322</y5>
			<x6>98.661562</x6>
			<y6>635.578044</y6>
			<x7>452.602811</x7>
			<y7>639.575804</y7>
		</polygon>
	</object>
	<object>
		<name>Street Light</name>
		<pose>Unspecified</pose>
		<truncated>0</truncated>
		<difficult>0</difficult>
		<occluded>0</occluded>
		<bndbox>
			<xmin>140</xmin>
			<xmax>154</xmax>
			<ymin>273</ymin>
			<ymax>338</ymax>
		</bndbox>
	</object>
</annotation>
